silhouette_key,display_name,category,brand,tracking_tier,search_term,reddit_terms,youtube_terms,news_terms,notes
classic_clog,Classic Clog,legacy,Crocs,1,"Crocs Classic Clog","Classic Clog|classic clog","Crocs Classic Clog","Crocs Classic Clog","Legacy control — decel expected"
crocband,Crocband,legacy,Crocs,1,"Crocs Crocband","Crocband","Crocs Crocband","Crocs Crocband","Legacy"
bayaband,Bayaband,legacy,Crocs,1,"Crocs Bayaband","Bayaband|Baya Band","Crocs Bayaband","Crocs Bayaband","Legacy"
echo_clog,Echo Clog,non_legacy_core,Crocs,1,"Crocs Echo","Echo Clog|Crocs Echo","Crocs Echo Clog","Crocs Echo Clog","Chunky elevation core"
echo_wave,Echo Wave,non_legacy_core,Crocs,1,"Crocs Echo Wave","Echo Wave","Crocs Echo Wave","Crocs Echo Wave","Chunky elevation variant"
echo_storm,Echo Storm,non_legacy_core,Crocs,2,"Crocs Echo Storm","Echo Storm","Crocs Echo Storm","Crocs Echo Storm","Weather/outdoor variant"
stomp_clog,Stomp Clog,non_legacy_core,Crocs,1,"Crocs Stomp","Stomp Clog|Crocs Stomp","Crocs Stomp Clog","Crocs Stomp Clog","Chunky"
stomp_boot,Stomp Boot,non_legacy_core,Crocs,1,"Crocs Stomp Boot","Stomp Boot","Crocs Stomp Boot","Crocs Stomp Boot","Chunky boot silhouette"
skyline,Skyline,non_legacy_core,Crocs,1,"Crocs Skyline","Skyline","Crocs Skyline","Crocs Skyline sneaker","Chunky sneaker silhouette"
dylan,Dylan,non_legacy_core,Crocs,2,"Crocs Dylan","Crocs Dylan","Crocs Dylan","Crocs Dylan","Casual"
mellow_slide,Mellow Slide,sandal,Crocs,1,"Crocs Mellow","Mellow Slide|Mellow Recovery|Crocs Mellow","Crocs Mellow","Crocs Mellow","Growing sandal category"
brooklyn_sandal,Brooklyn Sandal,sandal,Crocs,2,"Crocs Brooklyn Sandal","Brooklyn Sandal","Crocs Brooklyn Sandal","Crocs Brooklyn Sandal","Sandal"
brooklyn_heel,Brooklyn Heel,sandal,Crocs,2,"Crocs Brooklyn Heel","Brooklyn Heel|Brooklyn Wedge","Crocs Brooklyn Heel","Crocs Brooklyn Heel","Elevated sandal"
siren_slide,Siren Slide,sandal,Crocs,2,"Crocs Siren","Siren Slide|Crocs Siren","Crocs Siren","Crocs Siren","Sandal"
tulum_sandal,Tulum,sandal,Crocs,2,"Crocs Tulum","Tulum Sandal|Crocs Tulum","Crocs Tulum","Crocs Tulum","Sandal"
mega_crush_sandal,Classic Mega Crush Sandal,sandal,Crocs,1,"Crocs Mega Crush Sandal","Mega Crush Sandal","Crocs Mega Crush Sandal","Crocs Mega Crush Sandal","Platform sandal — key non-legacy"
mega_crush_clog,Classic Mega Crush Clog,premium,Crocs,1,"Crocs Mega Crush","Mega Crush|MegaCrush","Crocs Mega Crush Clog","Crocs Mega Crush","Platform clog — key non-legacy"
crush_platform,Classic Crush Platform,premium,Crocs,2,"Crocs Crush Platform","Crush Platform","Crocs Crush Platform","Crocs Crush Platform","Platform"
classic_boot,Classic Boot,premium,Crocs,2,"Crocs Classic Boot","Classic Boot|Crocs Boot","Crocs Classic Boot","Crocs Classic Boot","Seasonal"
classic_cozzzy,Classic Cozzzy,premium,Crocs,2,"Crocs Cozzzy","Cozzzy|Classic Cozzzy","Crocs Cozzzy","Crocs Cozzzy","Lined slipper"
pollex_pod,Pollex Pod,designer,Crocs,1,"Crocs Pollex","Pollex Pod|Pollex","Salehe Bembury Pollex","Crocs Pollex Pod","Salehe Bembury signature — broadened query"
pollex_clog,Pollex Clog,designer,Crocs,1,"Crocs Pollex Clog","Pollex Clog","Salehe Bembury Crocs Pollex Clog","Crocs Pollex Clog","Salehe Bembury signature"
steven_smith_line,Steven Smith Line,designer,Crocs,1,"Crocs Steven Smith","Steven Smith|Stevensmith","Steven Smith Crocs","Steven Smith Crocs","Designer-in-residence — track as bucket"
mschf_collab,MSCHF Collab,collab,Crocs,2,"Crocs MSCHF","MSCHF Crocs","MSCHF Crocs","MSCHF Crocs","Limited-edition collab"
balenciaga_collab,Balenciaga Collab,collab,Crocs,2,"Crocs Balenciaga","Balenciaga Crocs","Balenciaga Crocs","Balenciaga Crocs","Luxury collab"
post_malone_collab,Post Malone Collab,collab,Crocs,2,"Crocs Post Malone","Post Malone Crocs","Post Malone Crocs","Post Malone Crocs","Celebrity collab"
food_collab,Food-Brand Collab,collab,Crocs,3,"Crocs KFC OR Crocs McDonalds","KFC Crocs|McDonalds Crocs|7-Eleven Crocs","KFC Crocs OR McDonalds Crocs","KFC Crocs OR McDonalds Crocs","Novelty food collabs"
bad_bunny_collab,Bad Bunny Collab,collab,Crocs,2,"Crocs Bad Bunny","Bad Bunny Crocs","Bad Bunny Crocs","Bad Bunny Crocs","Celebrity collab"
heydude_wally,Wally,heydude,HeyDude,1,"HeyDude Wally","Wally|HeyDude Wally|Hey Dude Wally","HeyDude Wally","HeyDude Wally","HeyDude men's flagship"
heydude_wendy,Wendy,heydude,HeyDude,1,"HeyDude Wendy","Wendy|HeyDude Wendy|Hey Dude Wendy","HeyDude Wendy","HeyDude Wendy","HeyDude women's flagship"
heydude_other,HeyDude Other,heydude,HeyDude,2,"HeyDude Bradley","Bradley|Farty|Eloise|Rowan","HeyDude shoes","HeyDude Bradley OR HeyDude Eloise","HeyDude bucket — also catches all-other r/heydude posts"
