month,silhouette_key,mentions,total_score,total_comments
2023-01,classic_boot,1,1,2
2023-01,classic_clog,3,14,9
2023-01,echo_clog,1,2,2
2023-01,echo_storm,1,56,17
2023-01,food_collab,1,1,0
2023-01,mega_crush_clog,5,132,40
2023-01,mega_crush_sandal,1,4,2
2023-01,pollex_clog,2,1,6
2023-02,classic_clog,4,21,4
2023-02,mega_crush_clog,9,117,39
2023-03,balenciaga_collab,1,5,2
2023-03,bayaband,1,3,0
2023-03,classic_cozzzy,2,8,3
2023-03,echo_clog,2,47,13
2023-03,heydude_other,2,3,2
2023-03,mega_crush_clog,17,328,77
2023-03,mega_crush_sandal,2,8,2
2023-03,pollex_clog,3,12,14
2023-03,skyline,3,43,15
2023-03,steven_smith_line,1,4,1
2023-04,bayaband,3,12,3
2023-04,brooklyn_sandal,1,5,5
2023-04,classic_clog,2,16,19
2023-04,crocband,1,5,1
2023-04,echo_clog,1,3,28
2023-04,food_collab,1,17,1
2023-04,heydude_other,2,2,1
2023-04,mega_crush_clog,5,123,47
2023-04,mega_crush_sandal,1,18,8
2023-04,pollex_clog,2,6,29
2023-04,skyline,11,1531,211
2023-05,classic_clog,2,4,0
2023-05,classic_cozzzy,1,12,0
2023-05,echo_clog,2,18,5
2023-05,heydude_other,2,4,2
2023-05,mega_crush_clog,11,110,59
2023-05,mega_crush_sandal,3,22,9
2023-05,skyline,2,112,23
2023-06,brooklyn_sandal,1,5,1
2023-06,classic_boot,1,3,0
2023-06,classic_clog,2,4,0
2023-06,crocband,1,2,2
2023-06,dylan,1,21,1
2023-06,echo_clog,2,9,12
2023-06,echo_storm,1,9,7
2023-06,heydude_other,3,5,0
2023-06,heydude_wally,1,1,1
2023-06,mega_crush_clog,3,53,16
2023-06,mschf_collab,2,12,21
2023-06,pollex_clog,13,65,94
2023-06,skyline,3,158,34
2023-07,classic_clog,4,18,17
2023-07,crocband,1,2,1
2023-07,echo_clog,5,8,7
2023-07,mega_crush_clog,19,181,43
2023-07,mellow_slide,1,1,0
2023-07,pollex_clog,3,63,53
2023-07,skyline,6,539,170
2023-08,bayaband,4,5,5
2023-08,classic_boot,1,1,1
2023-08,classic_clog,4,51,21
2023-08,classic_cozzzy,1,9,6
2023-08,crush_platform,1,5,7
2023-08,echo_clog,1,2,2
2023-08,heydude_other,2,4,7
2023-08,mega_crush_clog,5,15,13
2023-08,mschf_collab,3,29,6
2023-08,pollex_clog,7,9,16
2023-08,skyline,2,118,22
2023-09,classic_cozzzy,2,6,6
2023-09,echo_clog,3,17,7
2023-09,echo_storm,3,73,37
2023-09,heydude_other,4,5,0
2023-09,heydude_wally,1,2,0
2023-09,mega_crush_clog,12,163,53
2023-09,mega_crush_sandal,2,9,9
2023-09,mellow_slide,1,1,2
2023-09,pollex_clog,2,6,31
2023-09,skyline,2,15,7
2023-10,bayaband,3,23,4
2023-10,classic_boot,3,4,2
2023-10,classic_clog,4,16,5
2023-10,classic_cozzzy,1,2,4
2023-10,crocband,1,4,2
2023-10,echo_clog,2,18,9
2023-10,echo_storm,1,29,4
2023-10,heydude_other,3,3,3
2023-10,mega_crush_clog,7,50,12
2023-10,mega_crush_sandal,1,2,2
2023-10,pollex_clog,1,0,6
2023-10,post_malone_collab,1,4,1
2023-11,classic_clog,1,32,8
2023-11,classic_cozzzy,7,43,29
2023-11,echo_storm,5,56,37
2023-11,heydude_other,2,3,1
2023-11,mega_crush_clog,8,57,27
2023-11,mega_crush_sandal,1,1,1
2023-12,bayaband,1,2,1
2023-12,classic_clog,5,53,12
2023-12,classic_cozzzy,3,15,2
2023-12,crocband,1,13,5
2023-12,echo_clog,1,16,3
2023-12,heydude_other,2,2,0
2023-12,mega_crush_clog,9,180,49
2023-12,mega_crush_sandal,1,42,20
2023-12,skyline,2,48,13
2023-12,stomp_boot,1,2,0
2023-12,stomp_clog,2,5,0
2024-01,bayaband,1,5,7
2024-01,classic_clog,6,18,8
2024-01,classic_cozzzy,1,18,7
2024-01,crocband,1,1,1
2024-01,crush_platform,1,3,9
2024-01,dylan,1,2,1
2024-01,echo_clog,1,2,3
2024-01,echo_storm,4,45,5
2024-01,heydude_other,1,1,0
2024-01,mega_crush_clog,8,34,25
2024-01,mega_crush_sandal,1,4,6
2024-01,pollex_clog,1,1,1
2024-02,crocband,1,6,4
2024-02,dylan,1,2,2
2024-02,echo_clog,1,8,10
2024-02,echo_storm,3,47,12
2024-02,heydude_other,2,2,5
2024-02,mega_crush_clog,8,119,25
2024-02,pollex_clog,2,32,19
2024-02,skyline,1,8,3
2024-03,brooklyn_heel,1,1,0
2024-03,classic_clog,2,12,5
2024-03,classic_cozzzy,1,9,1
2024-03,echo_storm,3,7,9
2024-03,food_collab,1,8,0
2024-03,heydude_other,2,2,0
2024-03,mega_crush_clog,10,196,93
2024-03,mellow_slide,1,2,2
2024-03,skyline,1,23,1
2024-04,bayaband,1,1,0
2024-04,brooklyn_sandal,1,4,0
2024-04,crush_platform,1,6,9
2024-04,dylan,2,3,3
2024-04,echo_clog,5,12,10
2024-04,echo_storm,1,3,7
2024-04,heydude_other,1,1,0
2024-04,heydude_wally,1,2,0
2024-04,mega_crush_clog,7,68,15
2024-04,mega_crush_sandal,1,1,0
2024-04,skyline,3,251,60
2024-05,bayaband,3,26,6
2024-05,classic_clog,1,6,0
2024-05,classic_cozzzy,2,3,0
2024-05,crocband,1,4,0
2024-05,dylan,1,11,7
2024-05,echo_clog,2,4,3
2024-05,heydude_other,6,8,5
2024-05,mega_crush_clog,6,79,24
2024-05,mega_crush_sandal,1,2,1
2024-05,mellow_slide,1,3,4
2024-05,pollex_clog,1,1,0
2024-06,bayaband,2,2,0
2024-06,classic_clog,4,15,18
2024-06,dylan,2,17,1
2024-06,echo_clog,4,34,19
2024-06,heydude_other,5,6,8
2024-06,mega_crush_clog,5,67,12
2024-06,stomp_clog,1,2,0
2024-07,bayaband,1,1,1
2024-07,classic_clog,7,45,15
2024-07,classic_cozzzy,3,42,18
2024-07,crocband,1,1,0
2024-07,crush_platform,2,2,4
2024-07,echo_clog,5,13,13
2024-07,heydude_other,2,2,0
2024-07,heydude_wally,1,1,0
2024-07,mega_crush_clog,12,187,103
2024-07,mega_crush_sandal,4,7,3
2024-07,mellow_slide,2,1,0
2024-07,pollex_clog,1,8,3
2024-07,stomp_clog,2,68,17
2024-08,bayaband,2,2,2
2024-08,classic_clog,2,8,1
2024-08,classic_cozzzy,1,5,0
2024-08,crocband,1,2,2
2024-08,crush_platform,2,8,4
2024-08,dylan,1,5,1
2024-08,echo_clog,5,19,9
2024-08,echo_storm,2,6,2
2024-08,heydude_other,4,11,2
2024-08,heydude_wally,1,1,2
2024-08,mega_crush_clog,9,73,38
2024-08,mega_crush_sandal,1,5,0
2024-08,pollex_clog,4,21,12
2024-08,stomp_clog,1,21,19
2024-09,bayaband,2,4,10
2024-09,classic_clog,4,47,14
2024-09,dylan,1,14,5
2024-09,echo_clog,4,42,35
2024-09,echo_storm,3,21,2
2024-09,heydude_other,4,6,2
2024-09,mega_crush_clog,5,23,16
2024-09,pollex_clog,1,3,0
2024-09,stomp_clog,1,9,6
2024-10,bayaband,1,4,3
2024-10,classic_clog,1,3,0
2024-10,crush_platform,1,4,3
2024-10,echo_clog,1,2,0
2024-10,echo_storm,4,33,8
2024-10,echo_wave,1,20,22
2024-10,heydude_other,2,9,0
2024-10,mega_crush_clog,3,53,11
2024-10,pollex_clog,1,4,2
2024-10,stomp_boot,1,18,14
2024-11,bayaband,1,2,1
2024-11,classic_boot,1,110,117
2024-11,classic_clog,2,11,3
2024-11,echo_clog,1,1,0
2024-11,echo_storm,2,8,5
2024-11,heydude_other,2,12,0
2024-11,mega_crush_clog,3,102,15
2024-11,steven_smith_line,2,195,43
2024-12,classic_clog,2,10,1
2024-12,crocband,1,30,1
2024-12,echo_storm,1,3,2
2024-12,echo_wave,1,17,1
2024-12,heydude_other,4,7,4
2024-12,mega_crush_clog,4,82,32
2024-12,mega_crush_sandal,1,28,2
2024-12,mellow_slide,1,1,1
2025-01,bayaband,1,5,8
2025-01,brooklyn_heel,1,3,5
2025-01,classic_clog,7,48,11
2025-01,echo_clog,2,9,1
2025-01,echo_storm,3,3,4
2025-01,echo_wave,1,1,2
2025-01,heydude_other,1,2,0
2025-01,mega_crush_clog,2,5,3
2025-01,mellow_slide,1,20,25
2025-01,stomp_boot,1,1,0
2025-02,classic_clog,2,6,3
2025-02,echo_clog,2,4,2
2025-02,echo_storm,2,7,2
2025-02,echo_wave,4,54,8
2025-02,heydude_other,4,8,4
2025-02,mega_crush_clog,4,73,7
2025-02,pollex_clog,1,20,9
2025-03,bayaband,2,4,2
2025-03,classic_clog,6,34,13
2025-03,classic_cozzzy,1,2,0
2025-03,crocband,1,1,1
2025-03,echo_clog,1,24,18
2025-03,echo_storm,2,3,6
2025-03,echo_wave,2,1,2
2025-03,heydude_other,2,2,2
2025-03,mega_crush_clog,6,83,30
2025-03,mega_crush_sandal,2,2,6
2025-03,skyline,1,29,11
2025-04,bayaband,4,82,8
2025-04,classic_clog,4,22,6
2025-04,echo_clog,2,4,4
2025-04,echo_storm,1,18,4
2025-04,echo_wave,4,14,8
2025-04,heydude_other,1,1,0
2025-04,mega_crush_clog,6,11,0
2025-04,mega_crush_sandal,3,3,0
2025-05,classic_clog,9,163,9
2025-05,echo_clog,7,8,18
2025-05,echo_storm,2,2,0
2025-05,echo_wave,11,38,19
2025-05,heydude_other,1,1,5
2025-05,mega_crush_clog,7,96,62
2025-05,mega_crush_sandal,1,28,11
2025-05,mellow_slide,1,1,2
2025-05,skyline,1,10,0
2025-06,bayaband,1,1,0
2025-06,classic_clog,10,128,20
2025-06,crocband,2,2,0
2025-06,crush_platform,2,4,7
2025-06,dylan,3,35,13
2025-06,echo_clog,6,38,44
2025-06,heydude_other,3,3,0
2025-06,mega_crush_clog,6,149,42
2025-06,mega_crush_sandal,1,18,0
2025-06,mellow_slide,1,1,0
2025-07,bayaband,2,3,2
2025-07,classic_clog,3,12,0
2025-07,crocband,2,5,1
2025-07,echo_clog,2,3,6
2025-07,echo_storm,2,12,0
2025-07,echo_wave,9,54,13
2025-07,heydude_other,6,12,3
2025-07,heydude_wally,1,1,0
2025-07,heydude_wendy,1,1,0
2025-07,mega_crush_clog,8,88,38
2025-07,mega_crush_sandal,2,28,11
2025-07,mellow_slide,1,1,2
2025-07,post_malone_collab,1,6,1
2025-08,classic_clog,4,29,9
2025-08,classic_cozzzy,3,45,5
2025-08,echo_clog,6,70,30
2025-08,echo_wave,3,6,6
2025-08,heydude_other,3,8,0
2025-08,mega_crush_clog,6,65,14
2025-09,bayaband,1,1,1
2025-09,classic_clog,5,27,19
2025-09,crocband,1,1,1
2025-09,dylan,2,16,7
2025-09,echo_clog,1,4,3
2025-09,echo_storm,1,20,3
2025-09,echo_wave,1,7,1
2025-09,mega_crush_clog,2,29,18
2025-09,steven_smith_line,1,2,2
2025-09,stomp_clog,1,20,16
2025-10,bayaband,3,29,10
2025-10,classic_clog,10,156,24
2025-10,classic_cozzzy,1,11,3
2025-10,crocband,1,3,1
2025-10,echo_clog,4,6,11
2025-10,echo_wave,2,18,9
2025-10,heydude_other,2,6,8
2025-10,heydude_wally,1,7,0
2025-11,bayaband,2,2,2
2025-11,brooklyn_sandal,1,2,7
2025-11,classic_boot,2,2,0
2025-11,classic_clog,3,3,2
2025-11,classic_cozzzy,1,2,5
2025-11,echo_clog,1,2,3
2025-11,skyline,1,5,7
2025-12,classic_clog,1,0,8
2025-12,classic_cozzzy,2,22,3
2025-12,echo_clog,2,3,7
2025-12,echo_storm,2,3,9
2025-12,echo_wave,1,8,4
2025-12,heydude_other,4,7,14
2025-12,mega_crush_clog,1,8,8
2025-12,mellow_slide,1,3,1
2026-01,echo_clog,1,2,2
2026-01,echo_wave,1,2,2
2026-01,heydude_other,4,7,1
2026-01,mellow_slide,1,2,1
2026-01,steven_smith_line,1,11,2
2026-02,classic_clog,1,7,6
2026-02,classic_cozzzy,1,17,4
2026-02,crocband,1,2,0
2026-02,echo_clog,3,27,11
2026-02,heydude_other,2,3,0
2026-02,mega_crush_clog,2,32,14
2026-02,skyline,1,2,1
2026-03,classic_clog,3,6,7
2026-03,crocband,1,5,6
2026-03,echo_clog,2,5,8
2026-03,echo_wave,1,0,2
2026-03,heydude_other,8,8,1
2026-03,mega_crush_clog,1,4,3
2026-03,mellow_slide,2,9,4
2026-04,classic_clog,3,17,7
2026-04,crocband,1,17,4
2026-04,echo_clog,4,20,6
2026-04,echo_wave,1,1,2
2026-04,heydude_other,1,1,0
2026-04,steven_smith_line,1,2,0
