silhouette_key,curr_30d,prior_30d,delta_30d_pct,yoy_30d,yoy_30d_pct,total_12mo,prior_12mo,yoy_12mo_pct,total_24mo
balenciaga_collab,0,0,,0,,0,0,,0
bayaband,0,0,,4,-100.0,12,16,-25.0,28
brooklyn_heel,0,0,,0,,0,1,-100.0,1
brooklyn_sandal,0,0,,0,,1,1,0.0,2
classic_boot,0,0,,0,,2,1,100.0,3
classic_clog,5,1,400.0,4,25.0,54,40,35.0,94
classic_cozzzy,0,0,,0,,8,7,14.3,15
crocband,2,0,,0,,9,5,80.0,14
crush_platform,0,0,,0,,2,5,-60.0,7
dylan,0,0,,0,,5,7,-28.6,12
echo_clog,6,2,200.0,2,200.0,41,30,36.7,71
echo_storm,0,0,,1,-100.0,7,20,-65.0,27
echo_wave,1,1,0.0,4,-75.0,32,11,190.9,43
food_collab,0,0,,0,,0,0,,0
heydude_other,4,5,-20.0,1,300.0,35,36,-2.8,71
heydude_wally,0,0,,0,,2,3,-33.3,5
heydude_wendy,0,0,,0,,1,0,,1
mega_crush_clog,0,1,-100.0,6,-100.0,34,65,-47.7,99
mega_crush_sandal,0,0,,3,-100.0,4,12,-66.7,16
mellow_slide,2,0,,0,,7,5,40.0,12
mschf_collab,0,0,,0,,0,0,,0
pollex_clog,0,0,,0,,0,9,-100.0,9
post_malone_collab,0,0,,0,,1,0,,1
skyline,0,0,,0,,3,3,0.0,6
steven_smith_line,1,0,,0,,3,2,50.0,5
stomp_boot,0,0,,0,,0,2,-100.0,2
stomp_clog,0,0,,0,,1,5,-80.0,6
