silhouette_key,video_id,title,channel_title,channel_id,published_at,published_month,views,likes,comments,url
classic_clog,HjkDFr_URE0,Crocs Unisex Adult Classic Clogs - I NEVER Knew THIS,Scott Polderman,UCeE9FpBXI0aYr6Gbrdes_qA,2023-04-23T23:17:00Z,2023-04,23396,80,20,https://youtu.be/HjkDFr_URE0
classic_clog,V4-ETdMkmYU,Crocs Classic Clog “Slate Gray” On Feet &amp; In Hand Looks - Short Review Part 1/3 #shorts #crocs,SneakrTweakr,UCI-Ijlfl31r14lRuMlL0Jyw,2023-12-16T12:00:22Z,2023-12,327152,2252,40,https://youtu.be/V4-ETdMkmYU
classic_clog,QXBJwIamaP4,Crocs Classic Clogs Review – Still the Most Comfortable Everyday Shoe in 2025?,Hsu's Guide,UCytV-2Kz8tR6nwhKvRRQ45w,2025-05-02T16:00:45Z,2025-05,1356,11,2,https://youtu.be/QXBJwIamaP4
classic_clog,BzphwRcUDP4,REAL VS. FAKE CROCS CLASSIC CLOGS BONE COMPARISON,DEL Sneakers,UC26FVix57xfFZOTFSO96PqQ,2025-02-25T21:06:24Z,2025-02,78857,339,41,https://youtu.be/BzphwRcUDP4
classic_clog,UtswIKfiay4,Crocs Classic Clog “Slate Gray” On Feet &amp; In Hand Looks - Short Review Part 3/3 #shorts #crocs,SneakrTweakr,UCI-Ijlfl31r14lRuMlL0Jyw,2023-12-16T18:00:13Z,2023-12,44328,593,4,https://youtu.be/UtswIKfiay4
classic_clog,l07Gj_W2pls,Crocs Classic Clog vs YEEZY Slides,KicksOverKicks,UCVHlImMJsP1vYWIFMAdEKcQ,2025-06-23T20:12:29Z,2025-06,15391,104,5,https://youtu.be/l07Gj_W2pls
classic_clog,DJ0SUw-VaV4,Crocs Classic Clogs in various colors❣️🩴❣️ #crocsclogs #crocs #various #lightweight #youtube,Roylly fashion store ,UCoQa5zcSc5toBsM_c7PrdLg,2025-09-27T20:19:29Z,2025-09,2447,10,0,https://youtu.be/DJ0SUw-VaV4
classic_clog,3lLHvM-nB1g,Costco’s Crocs Classic Clogs are here! Comfort meets style. #CostcoFinds #Crocs #Shorts,Costco Wonders,UCoYZAC9Oc7aSQsFHFZeSHpQ,2025-04-09T21:12:17Z,2025-04,17351,91,1,https://youtu.be/3lLHvM-nB1g
classic_clog,lUOEJzB3eg8,Bape Sta x Crocs Classic Clog 👟🔥 On Feet Review | Step Culture #shorts,StepCulture,UCycsIEEag2xISmUPuXfUeTA,2025-09-18T07:37:43Z,2025-09,17761,0,1,https://youtu.be/lUOEJzB3eg8
classic_clog,R6TToFvjymc,Pink Milk Classic Clogs K crocs🌸💖💕✨ @crocsinc #crocs #trendingshorts #fypp,Mihleee.m,UCnWasg5GbAyO2cXyISYz6hA,2025-04-21T20:36:10Z,2025-04,309947,2220,28,https://youtu.be/R6TToFvjymc
classic_clog,9-InK31TZsU,How to turn ANY Classic Clog into a Lined Clog #crocs,Oxcharger,UC04mUK2-qeQW6Z5hvhrvymg,2025-07-25T17:18:37Z,2025-07,10308,66,6,https://youtu.be/9-InK31TZsU
classic_clog,b5ZDIgE_YbA,Crocs Classic Clog Batmobile Batman,Hypesole,UCYZ4RmQJ8_63MkLIewLspsg,2025-04-29T14:48:42Z,2025-04,7315,49,0,https://youtu.be/b5ZDIgE_YbA
classic_clog,G9sJsmuPICI,Crocs Classic Clog “Slate Gray” On Feet &amp; In Hand Looks - Short Review Part 2/3 #shorts #crocs,SneakrTweakr,UCI-Ijlfl31r14lRuMlL0Jyw,2023-12-16T15:00:15Z,2023-12,49173,673,9,https://youtu.be/G9sJsmuPICI
classic_clog,uxJtIT5hlPs,ORRY WALE CROCS | CROCS CLASSIC CLOG REVIEW in 2025 WORTH BUYING ? | Pros &amp; Cons of Crocs,DSBOSSKO,UCUNjWvu4ifdUw6uFQuxDPOA,2025-03-28T14:09:06Z,2025-03,4332,38,10,https://youtu.be/uxJtIT5hlPs
classic_clog,QjYFAi7Z5dw,Crocs Classic Clogs in various colors❣️🩴❣️ #crocsclogs #crocs #various #lightweight #youtube,Roylly fashion store ,UCoQa5zcSc5toBsM_c7PrdLg,2025-09-07T18:35:25Z,2025-09,2045,8,1,https://youtu.be/QjYFAi7Z5dw
classic_clog,-m2F3UkqOGQ,South Park Cartman Crocs Classic Clog on Feet,Sneaker Man,UC2lPyGYhiOmDgGGe9Bwja7Q,2025-11-06T18:43:33Z,2025-11,527,9,0,https://youtu.be/-m2F3UkqOGQ
classic_clog,VLCUTbN5F-U,Crocs Unisex Adult Classic Clogs - Navy Color,SammyLu Reviews,UCI_8cFc129lCalDdHV9j3ug,2024-03-08T21:16:49Z,2024-03,4832,39,0,https://youtu.be/VLCUTbN5F-U
classic_clog,vGEUXYUOZ_Q,IT Pennywise x Crocs Classic Clog 2025,INBOX TO GO,UCSxILGK-ddVTp6Nblr5FTtQ,2025-09-17T11:10:02Z,2025-09,1747,23,0,https://youtu.be/vGEUXYUOZ_Q
classic_clog,JX3VD3imn2E,Pennywise It Clown Crocs Classic Clog on Feet,Sneaker Man,UC2lPyGYhiOmDgGGe9Bwja7Q,2025-10-30T14:35:08Z,2025-10,291,6,2,https://youtu.be/JX3VD3imn2E
classic_clog,184PzjsEFdU,Star Wars x Crocs Classic Clog Darth Vader,Kicks Detail,UCMdq0TPgks3_hD1PxPSiRFQ,2025-10-25T15:09:13Z,2025-10,460,1,0,https://youtu.be/184PzjsEFdU
classic_clog,_jNSEKe4A_k,CROCS CLASSIC CLOG LIGHTNING MCQUEEN #lightningmcqueen #cars #disney #disneycars #pixar #pixarcars,ossloop_official,UCVgKKUvuMMV1o41A4zxfQ7w,2024-06-16T09:00:33Z,2024-06,2306,25,0,https://youtu.be/_jNSEKe4A_k
classic_clog,z4FNph2wWCg,Crocs Classic Clog &#39;White&#39;,Meme Lord*,UCUP4DRMMc7shuH_bNMaL2PQ,2025-03-12T00:06:11Z,2025-03,271,4,0,https://youtu.be/z4FNph2wWCg
classic_clog,vBfioryuFzM,Crocs Ghostbusters Classic Clog | Slime Covered &amp; Glow-In-The-Dark! #crocs #ghostbusters,Geek Culture,UCpdTKB0VP4jkoYdy4vGpgjw,2025-08-24T16:48:00Z,2025-08,9292,190,6,https://youtu.be/vBfioryuFzM
classic_clog,8EiA2VbvNpg,CROCS CLASSIC CLOG MEN&#39;S ORAGNIAL BRANDED CROCS,Jan&Son Traders,UCXrUz1JHxBGltCULfyWYgbQ,2025-10-01T04:21:39Z,2025-10,63,1,0,https://youtu.be/8EiA2VbvNpg
classic_clog,M1i6TPkfdu4,crocs Glitter classic clog k crocs,International vlog 246,UCjFDu8rB4lp0wBL7E8wm0BA,2025-09-14T07:55:13Z,2025-09,1483,6,0,https://youtu.be/M1i6TPkfdu4
classic_clog,lWKC9dAEVSY,"Ghostbusters x Crocs Classic Clog - August 19, 2025",KicksOnFirecom,UCPWntV01HN302qwXZKS4lQQ,2025-07-13T03:01:28Z,2025-07,1527,8,0,https://youtu.be/lWKC9dAEVSY
classic_clog,1FKCbZw88a8,"Peanuts x Crocs Classic Clog Snoopy - June 1, 2025",KicksOnFirecom,UCPWntV01HN302qwXZKS4lQQ,2025-05-14T13:01:29Z,2025-05,1022,12,0,https://youtu.be/1FKCbZw88a8
classic_clog,kQOk-TOGs08,Crocs Classic Clog A Bathing Ape ABC Camo Pink,Sneaker Lovers,UCuRntVe9ftYa9pxGP5WH0Nw,2025-06-12T11:42:32Z,2025-06,1032,4,0,https://youtu.be/kQOk-TOGs08
classic_clog,JMzApHE7RBQ,Microsoft จับมือ Crocs เปิดตัวรองเท้า Xbox Classic Clog พร้อมตัวติด Jibbitz ครบเซ็ต!,TechOffside “ล้ำหน้าโชว์”,UCaQSlfXVJAOE7wJYSIfOM9g,2025-12-07T05:00:19Z,2025-12,2159,65,5,https://youtu.be/JMzApHE7RBQ
classic_clog,B0MG3LrvNwk,Crocss Mega Crush Classic Clog Bone,Fashion Street,UCCEqoTrB_MmwWw36H1x45Gg,2025-07-10T06:51:18Z,2025-07,537,5,0,https://youtu.be/B0MG3LrvNwk
classic_clog,FINX7ex9vwA,Crocs Classic Clog Review 🔥Most Comfortable Unisex Shoes? | stepstyle Honest Review #footwearreview,StepStyle,UCS1zs_wb-w-2FRqw9RZTHdA,2025-05-16T12:25:18Z,2025-05,97,2,1,https://youtu.be/FINX7ex9vwA
classic_clog,JocvwoYyTFY,South Park Kenny Crocs Classic Clog on Feet,Sneaker Man,UC2lPyGYhiOmDgGGe9Bwja7Q,2025-11-06T07:44:45Z,2025-11,478,4,2,https://youtu.be/JocvwoYyTFY
classic_clog,FWQkb_0FuGs,Crocs Classic Clog x Pokémon “Charizard VS Blastoise” - Style Code: 211346-90H,Window Shopping With Cacs,UCw7TCeG4hbh3ZQcPHD79gdQ,2025-09-27T10:47:11Z,2025-09,238,2,0,https://youtu.be/FWQkb_0FuGs
classic_clog,Ret9zLfvj1w,CROCS CLASSIC LARGE TOTE BAG NEW CLASSIC CLOG POUCH SHOP CROS OUTLET #crocs #crocscharms #crocssale,lvluxegirl,UCHl-hJQHsnVrBT0t0ZPDcog,2025-09-18T01:14:13Z,2025-09,2619,33,5,https://youtu.be/Ret9zLfvj1w
classic_clog,Bzr3fNGVRg4,Xbox x Crocs Classic Clog,Kicks Detail,UCMdq0TPgks3_hD1PxPSiRFQ,2025-11-23T14:49:48Z,2025-11,189,0,0,https://youtu.be/Bzr3fNGVRg4
classic_clog,GpWQF2K95UQ,Crocs Classic Clog Elf on Foot Review,JJ's Level,UCAyntCHyl2GcWfRaLlMahpQ,2024-04-12T20:45:00Z,2024-04,363,3,1,https://youtu.be/GpWQF2K95UQ
classic_clog,JvxM0QXWUkM,📰 PENNYWISE ОТ CROCS КАК ВАМ ? Crocs Classic Clog “Pennywise”  Артикул 212351-920,DeliveryFromDiscount,UCWZUn-UO4EJlRlDW_7hS2mA,2025-09-19T13:51:41Z,2025-09,2445,12,0,https://youtu.be/JvxM0QXWUkM
classic_clog,bnReOWYmxj8,First Copy crocs hiker classic clog premium Quality in stock 😍😍#crocs #crocsmodel,Lucky Collection India,UCrdrti5qtXWtpVdlTeX3dxw,2024-12-10T07:43:32Z,2024-12,180250,2121,67,https://youtu.be/bnReOWYmxj8
classic_clog,wR_2oyz-1JY,Crocs Classic Clog x Krispy Kreme #shorts,CeeSneaksTv,UCb_FVe19x5-tOkXlL6u9-xA,2025-08-21T18:00:59Z,2025-08,176,0,0,https://youtu.be/wR_2oyz-1JY
classic_clog,O5nWID4cNyg,Crocs Classic Clog 👟 With FREE Eco Bag! #CrocsStyle #Shorts #UnisexSandals #ComfyShoes,SisonSquads,UCsPC9EESfllAVDBccgRAkJA,2025-07-29T11:43:45Z,2025-07,23,1,1,https://youtu.be/O5nWID4cNyg
classic_clog,fkq5T-ih2oQ,[Eng] Crocs Classic Clog by Factory Outlet,Factory Outlet,UCKFtKJAqe_um0_1P2AsWSZg,2025-07-11T13:26:39Z,2025-07,1082,2,0,https://youtu.be/fkq5T-ih2oQ
classic_clog,gIyp0z8Bb30,Crocs Classic Clogs Review: The Ultimate Comfort Shoe,FunAndLearn,UCfITg1-N8zD3MJRToymp-Zw,2023-03-04T00:24:55Z,2023-03,86,1,0,https://youtu.be/gIyp0z8Bb30
classic_clog,8Ft71Ux1msg,Crocs Classic Clog &#39;Bone&#39;,PUSHAS,UChcMKXyfth1SVF7uzMUUGaw,2025-10-27T09:42:04Z,2025-10,620,10,0,https://youtu.be/8Ft71Ux1msg
classic_clog,SBtP9IAw8vI,JJJJound x Crocs Classic Clog — Unboxing #Shorts,Millionaire.,UCcXtKt2LO6yFZYwhBXauJ6w,2025-10-09T19:58:46Z,2025-10,460,5,1,https://youtu.be/SBtP9IAw8vI
classic_clog,GG2g4TrUjOo,Crocs Classic Clog 🔵 | Blue Haze Comfort &amp; Style,crocs,UCGxy6cky3DPGWOKbi-YY0vQ,2026-02-17T13:00:25Z,2026-02,458,3,0,https://youtu.be/GG2g4TrUjOo
classic_clog,RbNp2Kv1g_M,The Batman Batmobile X Crocs Classic Clog! #batman #batmobile #crocs,Geek Culture,UCpdTKB0VP4jkoYdy4vGpgjw,2024-09-18T05:25:42Z,2024-09,9936,177,1,https://youtu.be/RbNp2Kv1g_M
classic_clog,YA9JJlp8Das,Crocs Unisex Adult Classic Clogs (Best Sellers) Oxygen,The One Minute Review Channel ,UCxUyUn1v1WQJ7jDCM8HJhTA,2023-01-08T13:17:49Z,2023-01,5353,39,3,https://youtu.be/YA9JJlp8Das
classic_clog,ahB78J2VUa8,Disney Pixar x Crocs Classic Clog🚗🛻 #shorts #short #shoes #crocs #disney #pixar #design #style,Krossobzor,UCRkHOWdkKJmnId8tpXCPzhA,2023-10-21T14:03:06Z,2023-10,489,6,0,https://youtu.be/ahB78J2VUa8
classic_clog,SjlEAfhs6U4,Crocs Unisex Adult Classic Clog,AMAZON C💋SMETICS DISCOUNTS,UCp4awDcK6xy5G_XIx3-A-Ig,2025-06-14T18:45:01Z,2025-06,304,1,0,https://youtu.be/SjlEAfhs6U4
classic_clog,xdWDkasidQs,&quot;Crocs Classic Clog Review 🔥 The Most Comfortable Shoes You’ll Ever Wear!&quot;,YA TECH OFFICIAL,UCcFHBLw4XbhXv4I-OaC2Lgg,2025-07-06T05:05:25Z,2025-07,106,0,0,https://youtu.be/xdWDkasidQs
classic_clog,yG5lcej5ZSw,Crocs Classic Clog Pokémon Charizard vs. Blastoise,Sneaker Man,UC2lPyGYhiOmDgGGe9Bwja7Q,2025-11-15T07:49:52Z,2025-11,229,2,0,https://youtu.be/yG5lcej5ZSw
classic_clog,9RuMYcjReI0,crocs classic clog,International vlog 246,UCjFDu8rB4lp0wBL7E8wm0BA,2025-09-11T15:46:13Z,2025-09,903,2,0,https://youtu.be/9RuMYcjReI0
classic_clog,uVuuOFmE_cE,New Release! Spongebob Patrick Crocs Classic Clog #crocs #spongebob #patrickspongebob,addicted_2glam,UCqXytoQ7KhZZDKu62bv8V3A,2024-05-01T01:53:02Z,2024-05,3252,38,7,https://youtu.be/uVuuOFmE_cE
classic_clog,lxm7cCbEDCw,Crocs Classic Clog x The Simpsons #shorts,CeeSneaksTv,UCb_FVe19x5-tOkXlL6u9-xA,2025-04-26T19:00:39Z,2025-04,806,0,0,https://youtu.be/lxm7cCbEDCw
classic_clog,AbL25Dt0m8A,SHADOW THE HEDGEHOG 2025 Crocs Classic Clog | DETAILED LOOK + PRICE,SNEAKERS SOCIETY,UCV8J0XpH22Yo57wMoQy-iiA,2025-05-22T06:00:06Z,2025-05,77,1,0,https://youtu.be/AbL25Dt0m8A
classic_clog,WrjwttFu9WA,Hello Kitty x Crocs - Classic Clog (Red)  #crocs #hellokitty,Everything Kash,UCuDbDOtOe9oxbAAkliWx5QA,2024-07-05T20:00:12Z,2024-07,689,12,0,https://youtu.be/WrjwttFu9WA
classic_clog,G5atdNALXEY,"Ghostbusters x Crocs Classic Clog - August 19, 2025",KicksOnFirecom,UCPWntV01HN302qwXZKS4lQQ,2025-07-22T18:01:21Z,2025-07,625,4,0,https://youtu.be/G5atdNALXEY
classic_clog,5NHsUHvWb3o,Crocs Unisex Adult Classic Clog,Blue Chrome Inc,UC2QSJXdahKm9NqhSATitvjw,2025-08-07T22:23:37Z,2025-08,604,8,2,https://youtu.be/5NHsUHvWb3o
classic_clog,pCGW4YJJfa8,Crocs Classic Clog Dream Works Shrek,ossloop_official,UCVgKKUvuMMV1o41A4zxfQ7w,2025-03-25T18:00:36Z,2025-03,438,7,0,https://youtu.be/pCGW4YJJfa8
classic_clog,JjwjZk8wZKI,"Crocs Unisex-Adult Classic Clog, Clogs for Women and Men #crocswomen #crocsmen #ytshorts #viralshort",Kiran With Zainab Vlogs ,UCq5k2S2VfhTSTpmGuNdNnGQ,2024-05-30T10:35:21Z,2024-05,474,3,0,https://youtu.be/JjwjZk8wZKI
classic_clog,b-puUaTGglE,Half Baked X Crocs Classic Clog Sneak Peek. Full Review Coming Soon.,McFly_704,UChH4EFQ6wtn-pvBE-Yv3puQ,2023-03-31T19:33:29Z,2023-03,2796,70,5,https://youtu.be/b-puUaTGglE
classic_clog,V0ixqiTuFY0,The Beatles Yellow Submarine x Crocs Classic Clog,Samraat Reviews,UCMbDro3ggiD0EZJKaeLw3eA,2025-05-02T01:40:16Z,2025-05,2434,0,3,https://youtu.be/V0ixqiTuFY0
classic_clog,kz08YJFZgbQ,Crocs Classic Clog x Toy Story (Pizza Planet) Collab #shorts,CeeSneaksTv,UCb_FVe19x5-tOkXlL6u9-xA,2024-03-18T18:00:21Z,2024-03,461,0,0,https://youtu.be/kz08YJFZgbQ
classic_clog,5MB1kqaod-M,Crocs Classic Clog x Jason Voorhees 2025,INBOX TO GO,UCSxILGK-ddVTp6Nblr5FTtQ,2025-09-20T13:00:10Z,2025-09,2583,43,0,https://youtu.be/5MB1kqaod-M
classic_clog,l48UawPCPoU,BAPE x Crocs - Classic Clog  #bape #bathingape #crocs,Everything Kash,UCuDbDOtOe9oxbAAkliWx5QA,2025-03-13T20:00:33Z,2025-03,3060,20,5,https://youtu.be/l48UawPCPoU
classic_clog,EpvHVPGedrs,Crocs Classic Clog Shrek,Sneaker Man,UC2lPyGYhiOmDgGGe9Bwja7Q,2023-09-08T05:18:53Z,2023-09,1274,4,4,https://youtu.be/EpvHVPGedrs
classic_clog,TrTHlYl1fIc,Crocs Classic Clog x Gushers #shorts,CeeSneaksTv,UCb_FVe19x5-tOkXlL6u9-xA,2025-08-28T18:00:27Z,2025-08,252,0,0,https://youtu.be/TrTHlYl1fIc
classic_clog,0Zdv2hxXJjg,Crocs Unisex Adult Classic Clog,Fred AI Studio,UCwtNbFXfgAexjHDH7d2ByXg,2025-06-28T16:26:26Z,2025-06,492,2,0,https://youtu.be/0Zdv2hxXJjg
classic_clog,PGP32yze4Hc,🇰🇷🇵🇭🌐 𝗞𝗢𝗥𝗘𝗔 𝗣𝗔𝗦𝗔𝗕𝗨𝗬📌CROCS CLASSIC CLOG  ORDER NOW❗️  #kpopnesskorea  #koreapasabuyph  #crocssale,Ruela루엘라,UCRYZeJjyVDNydftSn-z75pA,2025-08-06T09:07:46Z,2025-08,114,3,0,https://youtu.be/PGP32yze4Hc
classic_clog,YSAnEours88,Crocs Classic Clog General Mills Boo Berry Blue,Sneaker Man,UC2lPyGYhiOmDgGGe9Bwja7Q,2023-09-08T05:24:43Z,2023-09,441,8,1,https://youtu.be/YSAnEours88
classic_clog,dY0wopPEuw4,&quot;🔥 Hot Drop! Crocs Classic Clog × BAPE® ABC Camo!Exclusive Blue/Green/Pink/Black camo print.,LJROFFICIAL,UCsTKymDc3U8xk_cVhU31nLA,2025-06-22T04:13:51Z,2025-06,35734,269,3,https://youtu.be/dY0wopPEuw4
classic_clog,u2cZfqcBeWo,[Eng] Crocs Classic Clog Geometric by Factory Outlet,Factory Outlet,UCKFtKJAqe_um0_1P2AsWSZg,2024-06-09T10:34:42Z,2024-06,2884,33,1,https://youtu.be/u2cZfqcBeWo
classic_clog,_Io2VEiEJxg,Crocs Classic Clog “Elf” On Feet &amp; In Hand Looks - Short Review Part 2/3 #shorts #crocs #clogs #elf,SneakrTweakr,UCI-Ijlfl31r14lRuMlL0Jyw,2023-12-25T16:00:30Z,2023-12,4108,93,2,https://youtu.be/_Io2VEiEJxg
classic_clog,aWaJFyDnOHA,Crocs Unisex Classic Clog,Trending Products,UClwEqvCK06vIuJAs5ezeFRw,2024-07-13T13:50:48Z,2024-07,248,3,0,https://youtu.be/aWaJFyDnOHA
classic_clog,k4lUhDpx3EU,Crocs Classic Clog Review: Ultimate Comfort &amp; Style for Men &amp; Women,Amazon finds & favourites ,UCFCOW1jA-2GANRffZoUPPGw,2025-02-15T16:55:03Z,2025-02,137,1,0,https://youtu.be/k4lUhDpx3EU
classic_clog,kFORFq5Es5w,Shrek x Crocs Classic Clog,SNEAKERS SOCIETY,UCV8J0XpH22Yo57wMoQy-iiA,2023-09-07T12:59:13Z,2023-09,905,11,4,https://youtu.be/kFORFq5Es5w
classic_clog,dSpe9Hx3D6A,Crocs Classic Clog Lightning McQueen,Hypesole,UCYZ4RmQJ8_63MkLIewLspsg,2025-01-07T18:27:12Z,2025-01,480,12,2,https://youtu.be/dSpe9Hx3D6A
classic_clog,LYiLnhFxud0,Crocs Classic Clogs Army Green on Feet #crocs #crocsoriginal #crocsclogs,Unbox 101,UCJ0nfHfHzmXcyxxGaoLe7aw,2024-12-09T06:52:13Z,2024-12,12283,50,0,https://youtu.be/LYiLnhFxud0
classic_clog,WA_FpWL6_n8,Crocs Classic Clog Snow White,Sneaker Man,UC2lPyGYhiOmDgGGe9Bwja7Q,2024-03-23T06:08:01Z,2024-03,247,4,0,https://youtu.be/WA_FpWL6_n8
classic_clog,-2mLa1FEPBU,Stranger Things x Crocs Classic Clog,Kicks Detail,UCMdq0TPgks3_hD1PxPSiRFQ,2025-11-17T14:56:15Z,2025-11,328,4,0,https://youtu.be/-2mLa1FEPBU
classic_clog,ojLuve09E3M,Crocs Classic Clog &#39;Lightning McQueen&#39; (2021) | 10 Seconds Or Less Review,PUSHAS,UChcMKXyfth1SVF7uzMUUGaw,2024-06-03T06:30:14Z,2024-06,254,5,0,https://youtu.be/ojLuve09E3M
classic_clog,OoKvDLtykPY,Barbour x Crocs Classic Clog !,JUST WEAR IT !,UCAQ3escFyf4hpKrkt3Y25ag,2025-04-25T16:06:38Z,2025-04,367,3,0,https://youtu.be/OoKvDLtykPY
classic_clog,A_aqEK7aA4E,R2-D2 × Crocs Classic Clog #crocs #starwars #r2d2 #crocsclogs #crocsshoes #sneakers #earlylook,L.A.F. Soles,UCKHseENCb8TCPya6LUB5rYA,2025-10-24T05:46:37Z,2025-10,1653,17,0,https://youtu.be/A_aqEK7aA4E
crocband,0E3oVaPG1R8,3 Things You Need To Know About The Crocs Unisex Crocband Clog,SmartBuy Reviews,UCtlr0eJLJfMeglR1MPyfbNQ,2023-09-10T10:21:29Z,2023-09,1742,9,3,https://youtu.be/0E3oVaPG1R8
crocband,NaXOF4uHYyU,Crocs Unisex-Adult Crocband Clog Review,Life and Lifestyle,UCvjeWTe-kOoPPv_is3IXbOg,2023-10-20T06:23:04Z,2023-10,3792,17,0,https://youtu.be/NaXOF4uHYyU
crocband,tD4iEWp7tGw,CROCS CROCBAND™ CLOG,The Morning Oats,UCPQVyu7F-ZtTcOOE6X6ZL-A,2023-01-29T17:43:56Z,2023-01,3743,26,3,https://youtu.be/tD4iEWp7tGw
crocband,8mDoE6vbklk,Crocs Unisex-Adult Crocband Clog Review,Karina & Brian Reviews,UCN6A-T7pMY8YjNTJsV9NMXQ,2024-09-10T20:18:43Z,2024-09,1719,10,0,https://youtu.be/8mDoE6vbklk
crocband,t2VayFqIZcU,"Crocs Unisex-Adult Mens and Womens Crocband Clog, Navy, 14 US Women 12 US Men Mules &amp; Clogs #shorts",MD Online Store,UChacJWz5iEMDe0j70hecUiw,2024-03-20T15:20:16Z,2024-03,9863,84,2,https://youtu.be/t2VayFqIZcU
crocband,oZXJShdcpnc,crocs crocband honest review,rolvs tv,UCq61SjDmtJWZ4XkvRcMfABg,2023-08-22T12:59:30Z,2023-08,5268,28,10,https://youtu.be/oZXJShdcpnc
crocband,FlwzfH159NY,Buy Crocs Unisex-Adult Crocband Clog,Horoscope,UCElxHWtEJjAFq7P2WaGJJ_w,2024-03-28T18:08:00Z,2024-03,51,0,0,https://youtu.be/FlwzfH159NY
crocband,okhB608ftNo,Crocs Unisex Adult Crocband Flip Flop Sandal,Kat Wheeler,UCu-1WxFR_YZgCGO2tPPExnw,2025-04-10T15:11:21Z,2025-04,170,0,1,https://youtu.be/okhB608ftNo
crocband,kVo5NT-9DFY,[Vie] Crocs Crocband by Factory Outlet,Factory Outlet,UCKFtKJAqe_um0_1P2AsWSZg,2025-07-11T13:32:56Z,2025-07,124,2,0,https://youtu.be/kVo5NT-9DFY
crocband,XRC7X8tdJ24,These are perfect for the wide bread roll feet toddlers! #crocs #crocbandcruisers #crocssandals,Fran Deals I Find,UC111F7AEQkuEnLLFvQPTxnA,2025-06-08T23:00:57Z,2025-06,1193,4,0,https://youtu.be/XRC7X8tdJ24
crocband,rLzJKD-sJGo,Crocs Unisex Adult Crocband Clog.,No1HappyShopper,UCoD8oOlNH8zFpuO8CYEtPMQ,2025-06-27T02:14:06Z,2025-06,241,0,0,https://youtu.be/rLzJKD-sJGo
crocband,T3gpVoDyTeY,Crocs Crocband review taglish,Red Ninja,UC6HVL_Liy5EWUTtsd6UyhqA,2024-12-29T04:17:26Z,2024-12,517,3,0,https://youtu.be/T3gpVoDyTeY
crocband,vH017mjUnX8,CROCS CROCBAND UNBOXING,Pragyadeep's Kitchen & Vlogs,UCoTlujGL42aAbvVnmwVxE9Q,2023-11-07T11:56:37Z,2023-11,117,7,0,https://youtu.be/vH017mjUnX8
crocband,VOvROdwygEo,Crocs Men&#39;s and Women&#39;s Crocband Clog Review,Char H,UCT5YIz-f_lN-0XJnCJTPD0g,2023-06-25T09:30:11Z,2023-06,3205,24,22,https://youtu.be/VOvROdwygEo
crocband,h2HnCdZddZs,CROCS Crocband Unisex Clog Grey Sandal,Flipkart Studio,UCEXCUrN0M6aan8bgdXFjWyQ,2023-05-08T11:59:56Z,2023-05,2619,27,0,https://youtu.be/h2HnCdZddZs
crocband,mVnq3ZEoFIE,Crocs Crocband Gum Bottom Shoes #crocs #crocband #crocsgang #crocs4life,LUSH,UCSYNhpK7RLrcHqJt_A4_Cig,2026-03-13T06:07:03Z,2026-03,876,8,1,https://youtu.be/mVnq3ZEoFIE
crocband,FsSIIFA-WvA,CROCS CROCBAND II CLOSER LOOK CROCS SHOES SANDALS CLOGS SHOPPING REVIEW,Product and Movie Reviews,UCV9ChANWQn2HiZWjqsGreXA,2023-07-09T19:47:21Z,2023-07,497,4,0,https://youtu.be/FsSIIFA-WvA
crocband,yG1fgeujwwk,Crocs Adult Crocband Runner Clogs #crocs #runningshoes #sliponshoes #newrelease,WinwithNick,UCp4ZQvaveQESvcwb_Z2TwnQ,2026-04-01T07:06:11Z,2026-04,167,2,0,https://youtu.be/yG1fgeujwwk
crocband,5joMyGKjNTI,Crocs crocband Microchip color #crocs #grey #microchip #purple #lavender,Vijay Sahoo,UCHT9XoM6mYYuM81KjPB0N4Q,2023-07-25T09:13:54Z,2023-07,9258,171,5,https://youtu.be/5joMyGKjNTI
crocband,jtNjM4yCl1Q,Loving the new Crocs Crocband clogs 🖤🤎 #crocs #crocscrocband #crocsclogs #tiktokshopspringglowup,BekahLynnewithTwins,UCuzpdtmguxa3K_N5fyQNQ9A,2026-03-30T04:44:49Z,2026-03,1370,10,0,https://youtu.be/jtNjM4yCl1Q
crocband,DWmWkpQHrsI,Crocs Kids Crocband Cruiser sandals,CD Cory,UCYIz9rydHaAGNvNKuvtMzvA,2025-05-18T05:01:38Z,2025-05,2505,16,1,https://youtu.be/DWmWkpQHrsI
crocband,Z-ZKdx6qY4M,crocband black colour crocs,International vlog 246,UCjFDu8rB4lp0wBL7E8wm0BA,2025-09-17T21:59:06Z,2025-09,481,4,0,https://youtu.be/Z-ZKdx6qY4M
crocband,sEuR0KdsQAs,Crocs Crocband Gum Clog Review: The Best 2026 Sporty &amp; Stylish Lightweight Comfort Clogs,Mags Says Yes,UCANoVAGJnDiyMYeiWICqGkQ,2026-03-14T16:31:04Z,2026-03,2353,32,1,https://youtu.be/sEuR0KdsQAs
crocband,fzoFx1y8T_Q,Crocs Unisex Adult Crocband 2 Clog,AK Awesome Reviews,UCmIlQGHhhGJHZCw99pMTpxw,2023-05-15T10:00:24Z,2023-05,350,4,0,https://youtu.be/fzoFx1y8T_Q
crocband,772zaBL4HiU,nevi blue crocband Crocs,International vlog 246,UCjFDu8rB4lp0wBL7E8wm0BA,2025-09-18T02:13:06Z,2025-09,1464,5,0,https://youtu.be/772zaBL4HiU
crocband,pHxhnDvBcoM,Reseña del Crocs Crocband Clog,Conexion Cotidiana,UC5fbc1GNaTv_eKATcUrFPFw,2026-02-24T18:51:53Z,2026-02,4,0,2,https://youtu.be/pHxhnDvBcoM
crocband,fYSIi0nSEDo,#lemonblast Crocband Clog #lemondrop #aintnosunshine #lemonbars #whenlifegivesyoulemons #crocs,Bmo World,UC1LtfmTQitYSIxK4QNCCKFw,2025-07-06T05:08:12Z,2025-07,825,0,5,https://youtu.be/fYSIi0nSEDo
crocband,hP8-l5xtvqM,Crocs Kids Crocband Cruiser Sandal K gyerek szandál @msportonline,@msportonline,UC8ChmSHB6Nho_ZjLcS-9-nA,2025-04-29T18:55:00Z,2025-04,47,0,0,https://youtu.be/hP8-l5xtvqM
crocband,qDn1-iSOVSY,Any Good? - Crocs Unisex&#39;s Crocband Flip Flops,MarksTestLab,UCTsHVDYs6AGmYBuUEIcD04w,2025-11-23T06:39:29Z,2025-11,107,0,2,https://youtu.be/qDn1-iSOVSY
crocband,-LwlysvKNbs,CROCS Crocband Clog รองเท้าลำลองผู้ใหญ่ www.supersports.co.th,production-ssp,UCev_nQNOAoFTKuYF3p9kiOw,2024-09-02T09:48:32Z,2024-09,33,1,0,https://youtu.be/-LwlysvKNbs
crocband,TFHyBRDihAY,Crocs Adult Crocband Runner Clogs #crocs #runningshoes #sliponshoes #newrelease,WinwithNick,UCp4ZQvaveQESvcwb_Z2TwnQ,2026-04-02T07:04:33Z,2026-04,445,5,3,https://youtu.be/TFHyBRDihAY
crocband,t7eSdT0VyNA,CROCS Crocband Flip รองเท้าแตะผู้ใหญ่ 11033-2Y2 www.supersports.co.th,production-ssp,UCev_nQNOAoFTKuYF3p9kiOw,2024-09-03T08:28:17Z,2024-09,37,1,0,https://youtu.be/t7eSdT0VyNA
crocband,6OGtdzz6KU8,Crocs Crocband Gum Classic Clogs Review: The Best 2026 Sporty Retro &amp; Non-Slip Comfort Clogs,Mags Says Yes,UCANoVAGJnDiyMYeiWICqGkQ,2026-03-19T16:01:11Z,2026-03,1976,21,0,https://youtu.be/6OGtdzz6KU8
crocband,6cCbND6sJSA,Sneaker style crocs that you’ll want to wear all spring and summer ☀️🌼🙌🏻 #crocs #crocscrocband,BekahLynnewithTwins,UCuzpdtmguxa3K_N5fyQNQ9A,2026-03-28T00:43:59Z,2026-03,1004,34,0,https://youtu.be/6cCbND6sJSA
crocband,S8l1x2b90eE,Crocs Unisex-Adult Crocband Flip Flop: Slip-On Sandals for Comfort and Style,US Product Deals,UCK1Uwp8Hip102wwXKDeLraQ,2023-08-03T10:12:55Z,2023-08,284,0,0,https://youtu.be/S8l1x2b90eE
crocband,LFviEu6SgWo,CROCS Crocband™ Clog รองเท้าลำลองผู้ใหญ่ www.supersports.co.th,production-ssp,UCev_nQNOAoFTKuYF3p9kiOw,2024-09-03T09:02:14Z,2024-09,263,1,0,https://youtu.be/LFviEu6SgWo
crocband,0StT-H1GNXo,Sandália Infantil Crocs Crocband Clog 207006-4KZ,Ativa Esportes,UCPA-W0RA9FpK-xKDkZ80ZCg,2024-07-01T13:50:08Z,2024-07,95,0,0,https://youtu.be/0StT-H1GNXo
crocband,tBa1i1XQdiA,Crocs Crocband,Lo Más Vendido,UC2HnV3WTEyr8nJpykB_MEQA,2025-08-18T16:01:23Z,2025-08,49,2,0,https://youtu.be/tBa1i1XQdiA
crocband,TDVCJ5Ofxms,Crocs Crocband Unisex Flip 👣 | Meteor Comfort &amp; Sporty Style,crocs,UCGxy6cky3DPGWOKbi-YY0vQ,2026-02-10T13:58:33Z,2026-02,190,3,0,https://youtu.be/TDVCJ5Ofxms
crocband,1TmBG0J98a8,Crocs olive mix up with blue crocband looks so good to me lol 🤣🤣🤣🤣,onr detailing news,UC14887mDbipJELcmU1ke8fg,2024-10-16T09:12:31Z,2024-10,160,0,0,https://youtu.be/1TmBG0J98a8
crocband,4fpYLB3jjUE,Crocs crocband flip review | Crocs crockband sleeper | crocs sleeper,Explore The Things ,UC65NcsuCkNafCwOTW1Zk89Q,2023-02-05T09:53:57Z,2023-02,782,5,0,https://youtu.be/4fpYLB3jjUE
crocband,hbfrXBlaFGY,Сабо Crocs Crocband Platform Clog Light Grey,JustFun Crocs,UCaAKEoHTMYFwPbWO2TThQcQ,2023-04-02T11:44:46Z,2023-04,489,1,1,https://youtu.be/hbfrXBlaFGY
crocband,-VSF392_9NE,Crocband Crocs Empo,empo 2000,UCTvsxGjfep5fgiXYv4t3S8w,2023-01-11T14:11:14Z,2023-01,290,6,0,https://youtu.be/-VSF392_9NE
crocband,DD5bpfuL6Ko,Crocs Echo Clog vs Crocs Crocband what&#39;s it gonna be? 😁 #crocs #crocsoriginal #CrocsPH,Zeus Teodoro,UCMyqJhxXfkxMQi90BoSBt4Q,2023-10-09T13:07:33Z,2023-10,490,4,0,https://youtu.be/DD5bpfuL6Ko
crocband,oKk5hZAYWMw,Crocs Baya clog + Crocband = Bayaband Collections #crocbandcrocs #crocband #bayabandcrocs #bayaband ,Bmo World,UC1LtfmTQitYSIxK4QNCCKFw,2025-07-15T05:41:13Z,2025-07,546,0,2,https://youtu.be/oKk5hZAYWMw
crocband,odVB0XIqc5Y,Crocs Crocband Flip Flop Review | Most Comfortable Flip Flops for Everyday Wear,Storm and Laya 🐝,UCc5wiP11SKVwNv80cwtNAtQ,2025-06-17T22:35:55Z,2025-06,2521,19,1,https://youtu.be/odVB0XIqc5Y
crocband,pN2pFuioUIw,🔥Best Sandals For Men In 2025 (Review Crocs Unisex Adult Crocband Flip) #crocs #unboxing #myntra,Abhi’s Reviews-Crack UPSC CSE Exam🔥,UCWmia01ddRjfU6v0UwRSyRg,2025-09-30T17:47:23Z,2025-09,421,3,0,https://youtu.be/pN2pFuioUIw
crocband,FNfuoPbKl1w,Сабо Crocs Crocband Platform Clog Ice/Blue,JustFun Crocs,UCaAKEoHTMYFwPbWO2TThQcQ,2023-04-02T11:48:09Z,2023-04,526,3,0,https://youtu.be/FNfuoPbKl1w
crocband,61Nw3-z_OrM,crocband crusier sandal crocs Dubai,International vlog 246,UCjFDu8rB4lp0wBL7E8wm0BA,2025-09-14T07:11:25Z,2025-09,517,1,0,https://youtu.be/61Nw3-z_OrM
crocband,pD7X5cBHDBA,crocband crusier sandal crocs all colours,International vlog 246,UCjFDu8rB4lp0wBL7E8wm0BA,2025-09-14T06:56:07Z,2025-09,544,1,0,https://youtu.be/pD7X5cBHDBA
crocband,X_dsrmC0a58,🔥Review Crocs Unisex Adult Crocband Flip (Best Sandals For Men In 2025 ) #crocs #unboxing #myntra,Abhi’s Reviews-Crack UPSC CSE Exam🔥,UCWmia01ddRjfU6v0UwRSyRg,2025-09-30T17:47:23Z,2025-09,65,1,0,https://youtu.be/X_dsrmC0a58
crocband,T81iU9Fsp2o,"Say hello to summer fun with the Crocs Kids’ Crocband Cruiser Sandals! 👣 These lightweight,",Crazy Boy Mom ,UCDAiA7MfHKFrgo5PZ5mK5yA,2025-06-03T19:14:16Z,2025-06,1262,4,0,https://youtu.be/T81iU9Fsp2o
crocband,rIkaFePkFqE,"Crocs Crocband Zueco, oferta por tiempo limitado ‼️😱",Fernández Crew,UCVTuQ4gjRw0O-SOhG5Xqvaw,2023-05-16T21:53:38Z,2023-05,184,6,1,https://youtu.be/rIkaFePkFqE
crocband,WYK6uDhSPeg,Crocs Unisex Grey Crocband Clogs,Shoes for Girls,UCafGXf3l01bEKeNp9DS5CQA,2024-04-05T04:30:19Z,2024-04,347,0,0,https://youtu.be/WYK6uDhSPeg
crocband,TlwJB68IM9w,Crocs Crocband Clog 👟 | Charcoal/Ocean Everyday Comfort,crocs,UCGxy6cky3DPGWOKbi-YY0vQ,2026-02-09T13:33:11Z,2026-02,1351,11,0,https://youtu.be/TlwJB68IM9w
crocband,8DoT23bvOHs,Crocs Crocband Cruiser Sandal NEW 2024 | Buty Dla Malucha #shorts,Buty Dla Malucha,UCVqpaw6upxzCItJuoB_Iv8A,2024-06-02T17:15:24Z,2024-06,849,6,0,https://youtu.be/8DoT23bvOHs
crocband,mff8SCAZOZg,CROCS CROCBAND CHEVRON BEADED CLOG CLOSER LOOK CROCS SLIDES SANDALS SHOES CLOGS SHOPPING REVIEW,Product and Movie Reviews,UCV9ChANWQn2HiZWjqsGreXA,2023-07-09T15:37:15Z,2023-07,83,0,0,https://youtu.be/mff8SCAZOZg
crocband,zjVUZZ1hAQs,CROCS Crocband Clog รองเท้าลำลองผู้ใหญ่ 11016-0HZ www.supersports.co.th,production-ssp,UCev_nQNOAoFTKuYF3p9kiOw,2024-09-02T10:04:33Z,2024-09,52,1,0,https://youtu.be/zjVUZZ1hAQs
crocband,1s9TArkp6Dw,Good Morning Comfort 🌅 | Crocs Crocband Clog — Orange,crocs,UCGxy6cky3DPGWOKbi-YY0vQ,2026-02-11T02:01:10Z,2026-02,334,1,0,https://youtu.be/1s9TArkp6Dw
crocband,xPyQRSxjkfw,crocs crocband clog review 1,BESTSELLERIGHT,UCW6Er9JcKLhoGPR1q-KJsaQ,2025-06-15T18:56:55Z,2025-06,249,1,0,https://youtu.be/xPyQRSxjkfw
crocband,bExLrnNOA_k,Chinelo Crocs Crocband Flip Unissex 11033-0DD,Ativa Esportes,UCPA-W0RA9FpK-xKDkZ80ZCg,2025-07-01T16:45:42Z,2025-07,330,2,0,https://youtu.be/bExLrnNOA_k
crocband,OW2lMVNDZVU,Crocs unisex-adult Crocband Clog - White #shorts #crocs #clogs,Style Overview,UCwDi-DxppM2N3PuVBg7bC5w,2025-04-27T17:30:11Z,2025-04,2339,32,0,https://youtu.be/OW2lMVNDZVU
crocband,II7ns5DHCs0,Crocs Unisex-Child Crocband Clogs,Democracy Unfiltered,UCcWzRo0vcrwX9SZx4xaOr_w,2023-05-19T07:05:03Z,2023-05,7,0,0,https://youtu.be/II7ns5DHCs0
crocband,j5XHVL-0flc,"Crocs Unisex-Adult Crocband Ii Clog,https://amzn.to/3qevPLE",phonehut,UCS04K3-ryIei0dZ_ENjxlaA,2023-08-04T02:33:09Z,2023-08,2,1,0,https://youtu.be/j5XHVL-0flc
crocband,FVrgcKmb0qM,Crocs Women Crocband Clog 💗 Pink | Stylish &amp; Super Comfortable | Limited Stock 🔥,crocs,UCGxy6cky3DPGWOKbi-YY0vQ,2026-02-19T11:46:47Z,2026-02,644,11,0,https://youtu.be/FVrgcKmb0qM
crocband,8H255jncdjs,🔥 Best Unisex Flip-Flop 2025 | Crocs Crocband Flip Unboxing &amp; Review India #myntra,Abhi’s Reviews-Crack UPSC CSE Exam🔥,UCWmia01ddRjfU6v0UwRSyRg,2025-09-30T17:45:16Z,2025-09,90,0,1,https://youtu.be/8H255jncdjs
crocband,5PU_r_AzqTM,CROCS Crocband รองเท้าลำลองผู้ใหญ่ www.supersports.co.th,production-ssp,UCev_nQNOAoFTKuYF3p9kiOw,2024-09-02T09:43:54Z,2024-09,6,1,0,https://youtu.be/5PU_r_AzqTM
crocband,FBaxT2UZzms,Crocs Crocband Sandals Size 41-42,Beyond the Noise by-J,UCIqfoJg1FI_bgN59qpbWXUA,2025-08-26T13:53:24Z,2025-08,391,3,0,https://youtu.be/FBaxT2UZzms
crocband,CRvEToiu624,Crocs Unisex-Child Crocband Clogs,Ijiler Fibapin,UC_WEfDSai5aw9vgCk_DULCQ,2023-05-29T14:05:07Z,2023-05,5,0,0,https://youtu.be/CRvEToiu624
crocband,eBnWIEnUSI4,crocs Unisex-Adult Crocband BBT Clog / Crocs Chappal/ Crocs Foot Wear / #shortvideo,TrustWorthy Shopping Knowledge,UCufSPi9NzXkNVzC5_KqMgfQ,2023-07-29T00:59:00Z,2023-07,1010,9,1,https://youtu.be/eBnWIEnUSI4
crocband,i407w-OiUk0,Yellow #Crocband Clog Gets Charmed by Bmo #PinkLemonade #crocbandclog #crocbandcrocs #crocs #lemon,Bmo World,UC1LtfmTQitYSIxK4QNCCKFw,2025-07-03T18:15:52Z,2025-07,72,0,0,https://youtu.be/i407w-OiUk0
crocband,qF8ZayhePTQ,🔥Review Crocs Unisex Adult Crocband Flip 🩴| Best Unisex Adult Flip Flops In India Comfort &amp; Style,Abhi’s Reviews-Crack UPSC CSE Exam🔥,UCWmia01ddRjfU6v0UwRSyRg,2025-09-13T13:53:40Z,2025-09,838,15,2,https://youtu.be/qF8ZayhePTQ
crocband,OON6NfZ_Ga4,Crocs Crocband Zuecos Unisex Adulto,Exploring with Khaleesi,UCLvqUUGFVnnHUgIdb3I7B0A,2023-09-20T18:45:11Z,2023-09,54,0,0,https://youtu.be/OON6NfZ_Ga4
crocband,ix5-okQr9MI,EXISPORT CROCS CROCBAND,EXIsport,UCDlYkONeLRtDdbMYCSVCaIA,2024-07-31T08:56:20Z,2024-07,81,1,0,https://youtu.be/ix5-okQr9MI
crocband,tqcaxAyEa5g,ABC마트키즈 [CROCS] 크록스 크록밴드 라이트 클로그 토들러 CROCBAND LIGHTS CLOG T CRS210467 BLACK (120~165),TN,UC4i9AxEi1J_GSro63cDHUJw,2025-07-25T07:41:16Z,2025-07,5,0,2,https://youtu.be/tqcaxAyEa5g
bayaband,n0O-mtbqwrc,Crocs Bayaband Clog pink #walkingshoes #comfysandals #summervibes,TinaTravels2024,UC34yxjaojYz0KCWdbTB0waw,2024-09-29T23:40:03Z,2024-09,22202,0,0,https://youtu.be/n0O-mtbqwrc
bayaband,tavJc1YCDbQ,"Comparison Between Crocs Classic, Baya and Bayaband Clogs (Fit/Comfort/Sizing)",Crocszilla,UC35cA4kaSMuekzMbp8datTg,2024-11-26T21:31:11Z,2024-11,50321,495,205,https://youtu.be/tavJc1YCDbQ
bayaband,-q58Cpr85CY,Crocs Bayaband Unisex Clogs#unboxing #myntra #footwear,Jini O. ,UCD_T7DIvS-JL_rnfM2Xwbrw,2024-08-30T12:17:37Z,2024-08,470213,3196,28,https://youtu.be/-q58Cpr85CY
bayaband,POP210U9Eb0,CROCS BAYA BAND REVIEW 🫦💦 CROCS LITERIDE 360 #shorts #crocs,Shoe Wave Delhi,UCZ9CE3dRsYcb632lyq9Mz_Q,2025-04-19T10:45:02Z,2025-04,2996,14,0,https://youtu.be/POP210U9Eb0
bayaband,nMdM-N_tSls,CROCS Bayaband Clogs 😍 #shorts #footwear #lifestyle #explore,W.A.,UC8XyjHCZxoNa0h8xvgKw36Q,2024-08-30T09:30:29Z,2024-08,52145,367,11,https://youtu.be/nMdM-N_tSls
bayaband,ZuIoSwBmmKw,Review Crocs flip flops😍 | Crocs Flat Unisex Adult Bayaband Flip #crocs  #myntra #sandals,Abhi’s Reviews-Crack UPSC CSE Exam🔥,UCWmia01ddRjfU6v0UwRSyRg,2025-09-30T17:49:05Z,2025-09,1587,10,1,https://youtu.be/ZuIoSwBmmKw
bayaband,fpRbBAnY9zQ,Crocs Clog Bayaband Full White 🔥💯😍 #delhi #mumbai,Crazy Box,UCI1wPejjicrh_UH8mnsUtzQ,2025-01-18T14:37:42Z,2025-01,31861,247,3,https://youtu.be/fpRbBAnY9zQ
bayaband,IwRzmmMaqRE,Crocs Bayaband Flip-flop Black 💯🥶✅ #mumbai #delhi,Crazy Box,UCI1wPejjicrh_UH8mnsUtzQ,2025-07-20T20:19:33Z,2025-07,5949,20,2,https://youtu.be/IwRzmmMaqRE
bayaband,QsOhDLImlTs,CROCS Bayaband Clogs Black/White | Unboxing,SNAP,UCY-x_aDnEmAQJSeXMBoyd-A,2023-01-21T12:47:22Z,2023-01,57637,798,11,https://youtu.be/QsOhDLImlTs
bayaband,VjSB74480Zc,Crocs Clog Bayaband Black 🥰🥵❤️ #mumbai #delhi,Crazy Box,UCI1wPejjicrh_UH8mnsUtzQ,2025-07-30T20:51:24Z,2025-07,5689,32,1,https://youtu.be/VjSB74480Zc
bayaband,WH6PRMrxW6E,crocs bayaband slide in stock imported Quality #bayaslidecrocs,Lucky Banna,UCEbN4LM3GsizfS6UVtIU6Sw,2025-08-17T11:40:18Z,2025-08,5446,26,1,https://youtu.be/WH6PRMrxW6E
bayaband,WLkW3uqNfyo,Crocs Clog Bayaband Grey Green 😍🔥💯 #mumbai #delhi,Crazy Box,UCI1wPejjicrh_UH8mnsUtzQ,2025-01-17T20:04:17Z,2025-01,9728,70,1,https://youtu.be/WLkW3uqNfyo
bayaband,Eo-_q-dTqI4,"Best flip flops light weight, soft , flexible sole Crocs bayaband #slippers #crocs #shorts #review",Sole & Style,UCn0wGD7ocKMco2LdjzyV_bg,2024-02-12T11:48:46Z,2024-02,77978,991,21,https://youtu.be/Eo-_q-dTqI4
bayaband,xU0fkdxpGcM,Crocs BAYABAND Clogs for Boys | UNBOXING &amp; Review: Ankush Kumar By ONE CHANCE,One Chance Clips,UCUiKC-6Q0zzVzozPM8Apb5g,2024-09-19T04:30:33Z,2024-09,545,8,0,https://youtu.be/xU0fkdxpGcM
bayaband,PMd7QC-lVYA,crocs bayaband glow in dark,Qassim Zadjali,UCo2uc5a-sllKBGM1BChD90A,2023-06-23T20:37:04Z,2023-06,6527,49,2,https://youtu.be/PMd7QC-lVYA
bayaband,0J_c8afKfII,Crocs чем отличаются оригинал и реплика Bayaband Clog,Байкальский Пёс,UCUb7lRoEvNu99rEE9pkymxw,2024-05-10T06:25:21Z,2024-05,53521,301,118,https://youtu.be/0J_c8afKfII
bayaband,1a9aBS_PQHc,CROCS BAYABAND  LATEST CLOGS FOR MENS  unboxing,jee shopper,UC2qAdY63KH24oimbIf-FTFQ,2025-10-21T13:37:29Z,2025-10,476,5,1,https://youtu.be/1a9aBS_PQHc
bayaband,khng5Wb0iuc,Crocs bayaband,Movement,UC2pHqfehUcSGzQt9NlP8Jjg,2023-06-27T14:49:04Z,2023-06,1943,18,0,https://youtu.be/khng5Wb0iuc
bayaband,F6FKYPTkKE8,Crocs Bayaband White Colour ₹ - 1650/-,Joya's Footwear,UCrwBym-7yo6HAOFJe-MkVvg,2025-06-18T15:29:32Z,2025-06,41083,341,2,https://youtu.be/F6FKYPTkKE8
bayaband,GRJILyfG7rE,Crocs  Bayaband Clog*WITH ORIGINAL BOX #fam #bayan #crocs #onlineshopping #explore #shopping,BaziGar Collection,UCBssSc6Hv1wizoN2BF7T-3A,2025-06-04T18:03:49Z,2025-06,3372,29,4,https://youtu.be/GRJILyfG7rE
bayaband,MX7QCtFtnnk,Crocs Bayaband Navy Pepper 🥵💯✅ #mumbai #delhi,Crazy Box,UCI1wPejjicrh_UH8mnsUtzQ,2025-08-08T21:10:42Z,2025-08,5618,23,0,https://youtu.be/MX7QCtFtnnk
bayaband,5vq8twkKQ-A,Bayaband Crocs Clog Black 🔥💯🥰 #mumbai #delhi,Crazy Box,UCI1wPejjicrh_UH8mnsUtzQ,2025-06-27T15:17:48Z,2025-06,1820,7,0,https://youtu.be/5vq8twkKQ-A
bayaband,t0G-5ncSF6M,Crocs Clog Bayaband Red Colour 🔥🥵❤️ #mumbai #delhi,Crazy Box,UCI1wPejjicrh_UH8mnsUtzQ,2025-08-20T14:11:26Z,2025-08,3283,27,0,https://youtu.be/t0G-5ncSF6M
bayaband,gST5HC-HLvA,Review Crocs Unisex Adult Bayaband Flip White/Navy,Abhi’s Reviews-Crack UPSC CSE Exam🔥,UCWmia01ddRjfU6v0UwRSyRg,2025-09-30T17:49:03Z,2025-09,1145,3,0,https://youtu.be/gST5HC-HLvA
bayaband,DKb2jwVXY8s,Crocs Bayaband Flip Flops For Men,Shoe Locker Shorts,UCix_ImiMb4M7KLT_P8T2Rdg,2025-08-25T15:43:50Z,2025-08,926,4,0,https://youtu.be/DKb2jwVXY8s
bayaband,6ovhFeDnYE4,#crocs Flip Flops Bayaband Original Unboxing #flipkart Close View #shorts,Sole & Style,UCn0wGD7ocKMco2LdjzyV_bg,2023-06-15T12:27:03Z,2023-06,49637,664,12,https://youtu.be/6ovhFeDnYE4
bayaband,A27GUVB0P6Q,"Кроксы с Wildberries, Crocs Bayaband clog🔥🐊",MAX VGRVSKII ,UCNXq2NeIrxccq1RpDjdoFtw,2025-01-29T07:48:05Z,2025-01,78900,1000,53,https://youtu.be/A27GUVB0P6Q
bayaband,vk7dvYwsXvA,Crocs Bayaband Clog 🔥 Best Crocs under 3000Rs 🔥,Technical Harsh,UCatTYQT5QO25s482Vvjm8RQ,2024-12-15T08:17:13Z,2024-12,38073,283,9,https://youtu.be/vk7dvYwsXvA
bayaband,epD81caZSTE,Crocs bayaband 💚 #crocs #bayaband #crocsbayaband #crocssale #harrypotter #jibbitz #charms #pines,onlyfans.singapur,UC827shFIiX6-slw4Opwp_sw,2025-07-11T09:21:33Z,2025-07,1685,8,0,https://youtu.be/epD81caZSTE
bayaband,8gXCLR35n9o,Crocs Bayaband clog men | crocs bayaband clog red | red crocs | crocs bayaband red clog | red clogs,Aksh Jangid,UCp93c2dgMQBECd_-Cvn3wCw,2023-01-14T12:13:29Z,2023-01,40051,916,38,https://youtu.be/8gXCLR35n9o
bayaband,7jc856I1N-g,Crocs Bayaband Yellow 🥵✅💯 #mumbai #delhi,Crazy Box,UCI1wPejjicrh_UH8mnsUtzQ,2025-05-09T20:08:45Z,2025-05,3511,16,2,https://youtu.be/7jc856I1N-g
bayaband,t6NbRfMy5Vc,Crocs Bayaband Clogs Review After 1 Year - Are They Worth It?,T & R Production,UCGfWzyGYyx-ELbs3iHYbqaQ,2024-08-14T03:47:48Z,2024-08,4497,32,7,https://youtu.be/t6NbRfMy5Vc
bayaband,J6CCXxFxI1s,Crocs Bayaband Flip 🔥❤️🥰 #mumbai #delhi,Crazy Box,UCI1wPejjicrh_UH8mnsUtzQ,2025-07-19T20:05:26Z,2025-07,4659,21,0,https://youtu.be/J6CCXxFxI1s
bayaband,HA9DPZ7cBcs,Crocs Bayaband Logo Motion 🥵😳🥶 #mumbai #delhi,Crazy Box,UCI1wPejjicrh_UH8mnsUtzQ,2025-08-29T10:01:49Z,2025-08,1389,9,0,https://youtu.be/HA9DPZ7cBcs
bayaband,g6ZXfnnwL7M,Crocs Bayaband 🩴 Monsoon Must! 🌧️ #shorts #shortvideo #short #crocs #clogs #rainwear,Brand Edge Reviews,UC23SeZKp2yG5zvyX0GvrC6A,2025-07-16T05:00:44Z,2025-07,267212,2081,7,https://youtu.be/g6ZXfnnwL7M
bayaband,lcE8SrqCB5E,Crocs Bayaband Black 🥶❤️🗿 #delhi #mumbai,Crazy Box,UCI1wPejjicrh_UH8mnsUtzQ,2025-07-03T09:15:27Z,2025-07,3724,23,0,https://youtu.be/lcE8SrqCB5E
bayaband,Z-u-clu6KXM,crocs Unisex-Adult Bayaband Clog Bpk/Cpk Clog #ad #shorts #ytshorts #viralvideo #video #crocs #kids,Review Time,UCMGcICo79zC6VLkH0wV5aqg,2023-06-19T11:56:16Z,2023-06,5503,38,0,https://youtu.be/Z-u-clu6KXM
bayaband,FXUNvRClUMs,Crocs Bayaband Clog in a cream color ❣️✨❣️#crocs #crocsclogs #crocsshoes #shoesfashion,Roylly fashion store ,UCoQa5zcSc5toBsM_c7PrdLg,2025-08-26T19:41:39Z,2025-08,599,6,0,https://youtu.be/FXUNvRClUMs
bayaband,zgHPxF0WwFo,Crocs bayaband Classic clogs premium,Royaltrader Indiamart,UCwMQ82Go5oe8RXJgkwnNdkQ,2025-07-03T13:50:11Z,2025-07,110,1,0,https://youtu.be/zgHPxF0WwFo
bayaband,RVTySddOYzg,Crocs Clog Bayaband ❤️💯🔥 #mumbai #delhi,Crazy Box,UCI1wPejjicrh_UH8mnsUtzQ,2025-02-14T07:18:38Z,2025-02,12273,84,4,https://youtu.be/RVTySddOYzg
bayaband,YCI48Ey53_Q,Crocs 💚bayaband 💕🔥 #crocs #charms #jibbitz #skibiditoilet #peru #pines #accesorios,onlyfans.singapur,UC827shFIiX6-slw4Opwp_sw,2025-03-30T21:15:52Z,2025-03,2309,14,0,https://youtu.be/YCI48Ey53_Q
bayaband,Fqi4ilT8T8M,Crocs Bayaband Clog - OG Box! (Sizes 7-11) #Shorts,SHOESKARTEL,UC76uhK1Tqoe5Yje6KV61AsQ,2025-06-26T09:36:00Z,2025-06,306,7,1,https://youtu.be/Fqi4ilT8T8M
bayaband,hy1NYEnID8w,Crocs Bayaband Pink M4-M11,cole,UCgLGMJ0VK4c-3jQ0vjw_uCA,2024-07-05T07:08:51Z,2024-07,342,3,0,https://youtu.be/hy1NYEnID8w
bayaband,z0wn-oiCyVY,¡Lo que nadie te dice sobre las Crocs Bayaband! 🔥👀#shorts #shortsviral #shortsyoutube #shortsfeed,Miraveunboxing,UCdjvNNzzSc6P6X88Y0bZWoA,2025-04-20T19:30:08Z,2025-04,3819,0,0,https://youtu.be/z0wn-oiCyVY
bayaband,qibVNXyNmd4,Crocs bayaband navyblue #crocs #crocskids #bayaband #navyblue #bestseller #comfort #iconiccrocscomfy,coc noob player,UCyrvDY80O9-aSQjWYD8O7KQ,2024-07-14T14:09:09Z,2024-07,336,9,0,https://youtu.be/qibVNXyNmd4
bayaband,Q16Rb69wWyU,Crocs Unisex Child Kids&#39; Bayaband Clog,AK Awesome Reviews,UCmIlQGHhhGJHZCw99pMTpxw,2023-04-25T10:00:29Z,2023-04,264,1,0,https://youtu.be/Q16Rb69wWyU
bayaband,_lMRbr38ZCU,Crocs bayaband clog #shorts,NIPO,UCKqKLOno9nxNOCO6z9xyOdw,2023-05-30T17:18:13Z,2023-05,2448,0,3,https://youtu.be/_lMRbr38ZCU
bayaband,o-Bg3K2d5Eo,CROCS BAYABAND -LATEST CLOGS FOR MENS  #shortsfeed #trending,Fashion Trendsetters,UCHuKx-CfUv10dZpxNCOJV_g,2025-06-30T11:51:57Z,2025-06,12082,49,0,https://youtu.be/o-Bg3K2d5Eo
bayaband,RLf0TLtKhqc,Crocs Bayaband Clog | White || Unboxing,RenCas Vlog TV,UC7uBbqGtVfxveHLBs8mvpWg,2023-03-28T22:07:22Z,2023-03,18930,135,18,https://youtu.be/RLf0TLtKhqc
bayaband,rB6UWjSbipk,Crocs Perú 💚 #crocs #bayaband #jibbitz #charms #cristianoronaldo #cr7 #peru #accesorios,onlyfans.singapur,UC827shFIiX6-slw4Opwp_sw,2025-07-22T21:58:17Z,2025-07,2095,13,0,https://youtu.be/rB6UWjSbipk
bayaband,vfASTHdTWSY,#CROCS #BAYABAND #FLIP #5COLOUR #LEGITQUALITY,SHOESKARTEL,UC76uhK1Tqoe5Yje6KV61AsQ,2025-05-22T05:45:44Z,2025-05,2520,17,0,https://youtu.be/vfASTHdTWSY
bayaband,A51NyuGJ-oo,Сабо Crocs Bayaband Clog Light Grey/Pink,JustFun Crocs,UCaAKEoHTMYFwPbWO2TThQcQ,2023-04-02T12:00:39Z,2023-04,382,1,1,https://youtu.be/A51NyuGJ-oo
bayaband,DCgBKyMx4bQ,Crocs Bayaband Clog #crocsbayaband #dinhhieuauthentic,Dinh Hieu Lifestyle,UC7NGnKcRGuJW0vaEyAjmldg,2024-10-09T12:50:56Z,2024-10,258,7,2,https://youtu.be/DCgBKyMx4bQ
bayaband,s5747g8ldjM,UNBOXING New CROCS Bayaband Mens Blue Clogs Sandal | unboxing | CROCS | navyblueclogs |,UNBOXING BRO,UCtUL06Kv5jHFYMaBw_HLLKQ,2023-10-29T10:05:07Z,2023-10,257,10,0,https://youtu.be/s5747g8ldjM
bayaband,wBqJFmfYGH4,crocs bayaband clogs #crocs,ATHUL CRUZZ,UCfBe1EJEJO_E2Oxe5TOyRKQ,2023-08-10T16:47:39Z,2023-08,1670,19,4,https://youtu.be/wBqJFmfYGH4
bayaband,lPRTd2jfuak,Crocs unisex-adult bayaband clog !crocs clog #shorts #crocs,a to z shoes,UCUaWf2A8YpPB3NDlBirKcKg,2023-07-10T15:41:04Z,2023-07,2684,0,2,https://youtu.be/lPRTd2jfuak
bayaband,oKk5hZAYWMw,Crocs Baya clog + Crocband = Bayaband Collections #crocbandcrocs #crocband #bayabandcrocs #bayaband ,Bmo World,UC1LtfmTQitYSIxK4QNCCKFw,2025-07-15T05:41:13Z,2025-07,546,0,2,https://youtu.be/oKk5hZAYWMw
bayaband,cPb9RWCAY9c,crocs Bayaband heavy Quality in Stock 🔥 #crocsclogs,Lucky Collection India,UCrdrti5qtXWtpVdlTeX3dxw,2023-07-07T12:37:21Z,2023-07,545,8,2,https://youtu.be/cPb9RWCAY9c
bayaband,DaN6f0L9vWw,Crocs Bayaband Clog Grey Orange 😍💯🔥 #delhi #mumbai,Crazy Box,UCI1wPejjicrh_UH8mnsUtzQ,2025-01-18T07:54:35Z,2025-01,3304,43,2,https://youtu.be/DaN6f0L9vWw
bayaband,N8BUIgp-7cc,Crocs Bayaband Blue 🥰❤️🔥 #mumbai #delhi,Crazy Box,UCI1wPejjicrh_UH8mnsUtzQ,2025-05-10T07:30:53Z,2025-05,2744,16,0,https://youtu.be/N8BUIgp-7cc
bayaband,WXa45xYzJSQ,Crocs Bayaband Slide White 🔥😍💯 #delhi #mumbai,Crazy Box,UCI1wPejjicrh_UH8mnsUtzQ,2025-09-08T20:08:20Z,2025-09,1043,6,1,https://youtu.be/WXa45xYzJSQ
bayaband,11tnnhRoqxU,Crocs Bayaband Imported Quality in stock #crocsbayaband #crocsliteride #crocsclogs,Lucky Collection India,UCrdrti5qtXWtpVdlTeX3dxw,2023-10-23T05:47:43Z,2023-10,320,4,0,https://youtu.be/11tnnhRoqxU
bayaband,Oe9GCghKA_I,#CROCS #BAYABAND #CLOGS,SHOESKARTEL,UC76uhK1Tqoe5Yje6KV61AsQ,2025-06-18T11:05:32Z,2025-06,2112,14,0,https://youtu.be/Oe9GCghKA_I
bayaband,fp7hBzuuiMw,🩴 Crocs Unisex Bayaband Flip Review 2025 | Most Comfortable Flip-Flop for Men &amp; Women in India,Abhi’s Reviews-Crack UPSC CSE Exam🔥,UCWmia01ddRjfU6v0UwRSyRg,2025-09-30T12:01:22Z,2025-09,248,0,0,https://youtu.be/fp7hBzuuiMw
bayaband,y5K-vPncM84,Сабо CROCS Bayaband Clog White:Navy,WellBiss Store / Валерий Забелин,UCTJhCsSQnYzwdixaZd5ZNeQ,2023-03-18T14:49:15Z,2023-03,1177,13,0,https://youtu.be/y5K-vPncM84
bayaband,D-ptwrsM_Lw,Crocs Bayaband Clog                         Цвет: Белый 🤍,morestore,UCLT7xkgczSLXXX4sL_DU0ng,2023-06-30T06:36:06Z,2023-06,2431,23,2,https://youtu.be/D-ptwrsM_Lw
bayaband,WrtOFKHTtEw,Crocs Bayaband Clog Unisex 👟 | Mineral Blue Comfort &amp; Style,crocs,UCGxy6cky3DPGWOKbi-YY0vQ,2026-02-08T11:54:54Z,2026-02,890,8,0,https://youtu.be/WrtOFKHTtEw
bayaband,R32TE_O7UZw,Сабо Crocs Bayaband Clog Charcoal/ Volt Green,JustFun Crocs,UCaAKEoHTMYFwPbWO2TThQcQ,2023-04-02T11:28:03Z,2023-04,363,1,0,https://youtu.be/R32TE_O7UZw
bayaband,2eBg2Ju0II4,Crocs Bayaband Slide 🥵💯🔥 #mumbai #delhi,Crazy Box,UCI1wPejjicrh_UH8mnsUtzQ,2025-05-30T12:48:20Z,2025-05,4765,11,1,https://youtu.be/2eBg2Ju0II4
bayaband,VcBuI1NVLfQ,[Eng] Crocs Bayaband Slide by Factory Outlet,Factory Outlet,UCKFtKJAqe_um0_1P2AsWSZg,2024-11-22T07:32:10Z,2024-11,529,4,0,https://youtu.be/VcBuI1NVLfQ
bayaband,ZIZbXmupAvM,Pink Crocs Bayaband Original Unboxing 🫶🏻💞#crocs #crocsclassic #medical #medicallife,Elif Vlog,UCinnsUNsNdu9xPHUxKAtWjA,2025-03-27T22:19:10Z,2025-03,471,20,12,https://youtu.be/ZIZbXmupAvM
bayaband,a9lR5Hx9fOs,Crocs bayaband #crocs #bayaband #mordecaiandrigby #cartoonnetwork #jibbitz #charms #peru #lima,onlyfans.singapur,UC827shFIiX6-slw4Opwp_sw,2025-06-13T15:18:31Z,2025-06,2530,13,0,https://youtu.be/a9lR5Hx9fOs
bayaband,on6FjZjBASY,Crocs Bayaband Vlogs|| specifically the Unisex Bayaband Clog❣️🎯❣️ #crocs #crocsclogs #ytshort,Roylly fashion store ,UCoQa5zcSc5toBsM_c7PrdLg,2025-09-12T05:35:44Z,2025-09,238,1,0,https://youtu.be/on6FjZjBASY
bayaband,PsmZ9E58bd4,CROCS BAYABAND PARA HOMBRE. MÁS INFORMACIÓN AQUÍ!,BLAS DE LEZO: EL HOMBRE QUÉ HUMILLÓ A INGLATERRA!,UCQ0ypOT6O57k1RXBJ1eW6Aw,2024-07-01T09:20:24Z,2024-07,299,4,0,https://youtu.be/PsmZ9E58bd4
bayaband,iLrXBzO8_x8,CROC BAYABAND CLOG ( WHATSAPP +91-9727783147 ) #shorts #reels #youtubeshorts #crocs #shoes #style,prime_kick,UCJtOBhMwQQTQBmSqtsol9GA,2025-08-06T01:14:24Z,2025-08,69,1,0,https://youtu.be/iLrXBzO8_x8
bayaband,yQZbcIflPB0,Crocs Bayaband Clog 😳🥶🔥 #mumbai #delhi,Crazy Box,UCI1wPejjicrh_UH8mnsUtzQ,2025-07-02T20:14:11Z,2025-07,2914,12,0,https://youtu.be/yQZbcIflPB0
bayaband,awxHAKyJdsU,crocs Bayaband girls imported Quality in Stock #crocsshoes #crocsgirls,Lucky Collection India,UCrdrti5qtXWtpVdlTeX3dxw,2023-08-01T04:56:42Z,2023-08,350,11,0,https://youtu.be/awxHAKyJdsU
bayaband,hTQSCmJ1vwY,Crocs Bayaband Flip Cobblestone Gris Piere 205393-2V3 thoải mái phong cách,DinhHieu7717,UCj7Z6NDVHjOnT15_jxs4w_Q,2024-07-17T13:30:06Z,2024-07,1119,13,0,https://youtu.be/hTQSCmJ1vwY
bayaband,SBhD5XQjTCQ,รองเท้าที่ฮอตที่สุดตอนนี้ CROCS BAYABAND   | Shopee รีวิวไวเวอร์,Shopee Thailand,UCb-nPCNWXBnxbU1SmMz1a-Q,2023-06-01T04:42:02Z,2023-06,150396,47,1,https://youtu.be/SBhD5XQjTCQ
bayaband,p-s_UFiGWUc,Crocs Bayaband 💯🔥,Manish Yadav,UC2hk3QwMYJ7lNjZOEwRbiBQ,2024-07-09T17:10:56Z,2024-07,2437,27,1,https://youtu.be/p-s_UFiGWUc
bayaband,Xv9kaZvz6FU,Crocs bayaband in stock  | crocs first copy | | crocs | crocs literide | #shorts #crocs,INSANE SNEAKERS COLLECTION ,UCOdE5rhbkXLTzyuJ5-qULMQ,2024-08-04T06:29:00Z,2024-08,1757,17,2,https://youtu.be/Xv9kaZvz6FU
bayaband,mqlz5cNhVx0,“Estas Crocs Bayaband FALSAS se ven muy reales… ¿valen la pena? Comparativa con las originales 🩴⚠️”,Miraveunboxing,UCdjvNNzzSc6P6X88Y0bZWoA,2025-04-20T01:30:06Z,2025-04,563,0,0,https://youtu.be/mqlz5cNhVx0
bayaband,d1MAevJFjD4,Bayaband Clog Crocs 🥶🥵💯 #delhi #mumbai,Crazy Box,UCI1wPejjicrh_UH8mnsUtzQ,2025-06-25T06:23:18Z,2025-06,2024,7,0,https://youtu.be/d1MAevJFjD4
bayaband,TrNn1rMoMk8,CROCS Unisex Bayaband  Clog Unboxing &amp;  Review !! #cross #clog #review @vlogwithlisu1519,Vlog with Lisu,UCsoJggA1xh1FRXa5A3IUOiQ,2023-07-04T10:41:33Z,2023-07,765,25,2,https://youtu.be/TrNn1rMoMk8
bayaband,GYAMBvZIeW0,New Crocs just dropped in a white outfit lookCrocs Unisex Bayaband ClogsColor: White / Navy,BAGNTNTIVI,UCOdjjxQBpsQltKE9mcUDu9g,2026-04-12T01:24:48Z,2026-04,9299,207,0,https://youtu.be/GYAMBvZIeW0
bayaband,fBz4UgXipSk,#CROCS #BAYABAND TOP QUALITY IN STOCK,SHOESKARTEL,UC76uhK1Tqoe5Yje6KV61AsQ,2025-02-27T01:22:00Z,2025-02,542,6,0,https://youtu.be/fBz4UgXipSk
bayaband,dIOQriqu7Xk,Crocs Bayaband Flip Unisex Adult 👣 | Black/White Comfort &amp; Style,crocs,UCGxy6cky3DPGWOKbi-YY0vQ,2026-02-01T01:09:46Z,2026-02,331,2,0,https://youtu.be/dIOQriqu7Xk
bayaband,-jBiy7kjOiE,Crocs Bayaband Black 😱❤️✅ #mumbai #delhi,Crazy Box,UCI1wPejjicrh_UH8mnsUtzQ,2025-05-10T15:32:29Z,2025-05,6731,43,0,https://youtu.be/-jBiy7kjOiE
bayaband,YsaZkiSgmHM,Crocs bayaband slides #crocs #shorts #youtubeshorts #footwear #trending #viral #lifestyle,Melvin Prince Y,UCm6XFGr7--fL2u7a6lpB3EA,2023-10-22T15:38:44Z,2023-10,1216,17,0,https://youtu.be/YsaZkiSgmHM
bayaband,cYyj0KxNgJY,Bayaband Clog Crocs 😨🥶👍🏻 #delhi #mumbai,Crazy Box,UCI1wPejjicrh_UH8mnsUtzQ,2025-06-09T11:18:39Z,2025-06,4578,18,2,https://youtu.be/cYyj0KxNgJY
bayaband,tmCtmta35Ls,"Crocs Adult Bayaband Clog 🤩 Walk Light, Stay Bright! 👟✨",Surfer Fact,UCwUr-Kijl5RfbA9iab2dhdA,2025-10-06T05:01:05Z,2025-10,871,6,0,https://youtu.be/tmCtmta35Ls
bayaband,NaUS0zoQxME,Crocs Bayaband 🔥💯 #delhi #mumbai,Crazy Box,UCI1wPejjicrh_UH8mnsUtzQ,2024-12-10T18:46:30Z,2024-12,956,15,0,https://youtu.be/NaUS0zoQxME
bayaband,1BIhYTwLfMk,#crocs  #crocsbayaband CROCS Bayaband Men Blue Clogs,J3 Media Malayalam Tech,UCfLEyn7oFFrYjkCxctRr5Bw,2023-08-02T11:39:50Z,2023-08,9798,279,8,https://youtu.be/1BIhYTwLfMk
bayaband,T1NykCZMxWY,Crocs bayaband #crocs #bayaband #charms #pines #peru #lima #naruto #anime #jibbitz,onlyfans.singapur,UC827shFIiX6-slw4Opwp_sw,2025-06-19T23:16:21Z,2025-06,264,4,0,https://youtu.be/T1NykCZMxWY
bayaband,ny4ar-suztY,360 Closing Review Outside  Crocs Bayaband Slide 205392-066,DinhHieu Life,UCUsIUPTyranHPb4ijvKauTA,2025-08-12T14:15:06Z,2025-08,221,3,0,https://youtu.be/ny4ar-suztY
bayaband,Oy_A6UPPtIE,Crocs Bayaband Clog &quot;Navy&quot; #crocs #shorts,R&Z Store,UCKUjy1flBnMVm07Zn0ipLaw,2023-08-14T19:31:59Z,2023-08,5163,0,1,https://youtu.be/Oy_A6UPPtIE
bayaband,-6PvcVTYQfE,Crocs Unisex Bayaband Sport Band Clog 👟 | Sporty &amp; Comfortable,crocs,UCGxy6cky3DPGWOKbi-YY0vQ,2026-01-30T12:41:35Z,2026-01,104,3,0,https://youtu.be/-6PvcVTYQfE
bayaband,aTM5QUQhMUo,crocs Bayaband heavy Quality in Stock 🔥 #crocsclogs,Lucky Collection India,UCrdrti5qtXWtpVdlTeX3dxw,2023-07-07T12:36:02Z,2023-07,793,5,0,https://youtu.be/aTM5QUQhMUo
bayaband,e6eLhetW3kY,CROCS CLASSIC BAYABAND CLOG RED Most Trending  CLOG FOR MENS order to DM 7837163115 #crocs#crocodile,Trend Cart Men ,UCgYohPw1gD644t9BLHZj8Gg,2025-01-11T07:34:30Z,2025-01,7252,76,0,https://youtu.be/e6eLhetW3kY
bayaband,W1_u2KEsISg,Crocs Clog Bayaband Green Colour 🥶❤️😍 #delhi #mumbai,Crazy Box,UCI1wPejjicrh_UH8mnsUtzQ,2025-02-22T19:21:41Z,2025-02,2047,17,0,https://youtu.be/W1_u2KEsISg
tulum_sandal,AauH4GgsvSw,Crocs women&#39;s tulum sandal with adjustable strap   overview,Soulscape,UCsn6hNMLrPX004XPuWwg7VQ,2024-03-22T17:30:02Z,2024-03,0,0,0,https://youtu.be/AauH4GgsvSw
